Geo_FIPS,Geo_GEOID,Geo_NAME,Geo_QName,Geo_STUSAB,Geo_SUMLEV,Geo_GEOCOMP,Geo_FILEID,Geo_LOGRECNO,Geo_US,Geo_REGION,Geo_DIVISION,Geo_STATECE,Geo_STATE,Geo_COUNTY,Geo_COUSUB,Geo_PLACE,Geo_PLACESE,Geo_TRACT,Geo_BLKGRP,Geo_CONCIT,Geo_AIANHH,Geo_AIANHHFP,Geo_AIHHTLI,Geo_AITSCE,Geo_AITS,Geo_ANRC,Geo_CBSA,Geo_CSA,Geo_METDIV,Geo_MACC,Geo_MEMI,Geo_NECTA,Geo_CNECTA,Geo_NECTADIV,Geo_UA,Geo_UACP,Geo_CDCURR,Geo_SLDU,Geo_SLDL,Geo_VTD,Geo_ZCTA3,Geo_ZCTA5,Geo_SUBMCD,Geo_SDELM,Geo_SDSEC,Geo_SDUNI,Geo_UR,Geo_PCI,Geo_TAZ,Geo_UGA,Geo_PUMA5,Geo_PUMA1,SE_T065_001,SE_T065_002,SE_T065_003,SE_T065_004,SE_T065_005,SE_T065_006,SE_T065_007,SE_T065_008,SE_T065_009,SE_T065_010,SE_T065_011,SE_T065_012,SE_T065_013,SE_T065_014,SE_T065_015,SE_T065_016,SE_T065_017,SE_T068_001
"3600100","79500US3600100","St. Lawrence County PUMA, New York","St. Lawrence County PUMA, New York","ny","795","00","ACSSF","0000321",,,,,"36",,,,,,,,,,,,,,,,,,,,,,,,,,,,,,,,,,,,,,"00100",,41361,4191,2377,2901,2020,2490,2587,2356,2016,1951,4199,4122,4639,2410,1346,1027,729,44216
"3600200","79500US3600200","Clinton, Franklin, Essex & Hamilton Counties PUMA; New York","Clinton, New York","ny","795","00","ACSSF","0000322",,,,,"36",,,,,,,,,,,,,,,,,,,,,,,,,,,,,,,,,,,,,,"00200",,68006,5083,4128,4323,3574,4038,3970,3497,3052,3132,6184,7588,8436,5090,2413,2042,1456,48580
"3600300","79500US3600300","Warren & Washington Counties PUMA, New York","Warren & Washington Counties PUMA, New York","ny","795","00","ACSSF","0000323",,,,,"36",,,,,,,,,,,,,,,,,,,,,,,,,,,,,,,,,,,,,,"00300",,51551,2687,3151,2804,3188,2731,2856,2305,2444,2009,4978,6399,6948,3536,1943,2204,1368,53049
"3600401","79500US3600401","Herkimer (North & Central) & Oneida (Outer) Counties PUMA, New York","Herkimer (North & Central) & Oneida (Outer) Counties PUMA, New York","ny","795","00","ACSSF","0000324",,,,,"36",,,,,,,,,,,,,,,,,,,,,,,,,,,,,,,,,,,,,,"00401",,47673,2762,2948,2798,2761,2500,2685,3047,2662,2043,4244,5553,6666,3300,1672,1197,835,49210
"3600402","79500US3600402","Oneida County (Central)--Greater Utica & Rome Cities PUMA, New York","Oneida County (Central)--Greater Utica & Rome Cities PUMA, New York","ny","795","00","ACSSF","0000325",,,,,"36",,,,,,,,,,,,,,,,,,,,,,,,,,,,,,,,,,,,,,"00402",,62621,6441,4426,3966,4013,3922,3519,2863,2930,2502,5179,6031,6500,4237,2177,2176,1739,43583
"3600403","79500US3600403","Otsego, Schoharie, Oneida (South) & Herkimer (South) Counties PUMA; New York","Otsego, New York","ny","795","00","ACSSF","0000326",,,,,"36",,,,,,,,,,,,,,,,,,,,,,,,,,,,,,,,,,,,,,"00403",,43520,2802,2584,2543,2626,2302,2483,2298,2140,1942,3747,5343,5773,3257,1474,1312,894,50093
"3600500","79500US3600500","Jefferson & Lewis Counties PUMA, New York","Jefferson & Lewis Counties PUMA, New York","ny","795","00","ACSSF","0000327",,,,,"36",,,,,,,,,,,,,,,,,,,,,,,,,,,,,,,,,,,,,,"00500",,55195,3849,3398,2837,3739,3570,2880,2948,3395,2904,4950,6605,6303,3868,1790,1415,744,46534
"3600600","79500US3600600","Oswego County PUMA, New York","Oswego County PUMA, New York","ny","795","00","ACSSF","0000328",,,,,"36",,,,,,,,,,,,,,,,,,,,,,,,,,,,,,,,,,,,,,"00600",,44951,3563,2453,2464,2732,2604,3274,2067,2685,1859,3630,4582,6020,3075,1712,1321,910,46584
"3600701","79500US3600701","Onondaga County (Central)--Syracuse City PUMA, New York","Onondaga County (Central)--Syracuse City PUMA, New York","ny","795","00","ACSSF","0000329",,,,,"36",,,,,,,,,,,,,,,,,,,,,,,,,,,,,,,,,,,,,,"00701",,54520,10040,5079,4234,4072,3549,3163,2898,2116,1812,3843,4103,4443,2277,1131,976,784,30391
"3600702","79500US3600702","Onondaga County (North) PUMA, New York","Onondaga County (North) PUMA, New York","ny","795","00","ACSSF","0000330",,,,,"36",,,,,,,,,,,,,,,,,,,,,,,,,,,,,,,,,,,,,,"00702",,49912,1894,1804,1675,2240,2121,2025,2114,2227,1870,4412,6413,7841,5211,3322,2833,1910,65383
"3600703","79500US3600703","Onondaga County (Central)--Syracuse City (Outer) PUMA, New York","Onondaga County (Central)--Syracuse City (Outer) PUMA, New York","ny","795","00","ACSSF","0000331",,,,,"36",,,,,,,,,,,,,,,,,,,,,,,,,,,,,,,,,,,,,,"00703",,65909,2915,2670,3289,2807,3182,2728,2598,3503,2803,5035,8331,8663,6299,4046,3773,3267,62551
"3600704","79500US3600704","Cayuga & Onondaga (South) Counties PUMA, New York","Cayuga & Onondaga (South) Counties PUMA, New York","ny","795","00","ACSSF","0000332",,,,,"36",,,,,,,,,,,,,,,,,,,,,,,,,,,,,,,,,,,,,,"00704",,44308,2211,2053,2189,2604,2105,2172,1935,2077,1971,4358,4604,6158,4103,2054,1981,1733,55910
"3600800","79500US3600800","Wayne & Seneca Counties PUMA, New York","Wayne & Seneca Counties PUMA, New York","ny","795","00","ACSSF","0000333",,,,,"36",,,,,,,,,,,,,,,,,,,,,,,,,,,,,,,,,,,,,,"00800",,49677,2823,2226,2639,3137,2648,3070,2677,2487,2691,4575,5110,7377,3688,2170,1623,736,50918
"3600901","79500US3600901","Monroe County (East) PUMA, New York","Monroe County (East) PUMA, New York","ny","795","00","ACSSF","0000334",,,,,"36",,,,,,,,,,,,,,,,,,,,,,,,,,,,,,,,,,,,,,"00901",,53252,2363,1919,2423,2384,2770,2522,2493,2066,2160,4909,5391,7692,5182,3525,3186,2267,61632
"3600902","79500US3600902","Monroe County (Central)--Rochester City (East) PUMA, New York","Monroe County (Central)--Rochester City (East) PUMA, New York","ny","795","00","ACSSF","0000335",,,,,"36",,,,,,,,,,,,,,,,,,,,,,,,,,,,,,,,,,,,,,"00902",,47129,7759,4355,3612,3203,2806,2977,2347,2268,1758,3438,3778,4209,1839,900,923,957,32800
"3600903","79500US3600903","Monroe County (Central)--Rochester City (West) PUMA, New York","Monroe County (Central)--Rochester City (West) PUMA, New York","ny","795","00","ACSSF","0000336",,,,,"36",,,,,,,,,,,,,,,,,,,,,,,,,,,,,,,,,,,,,,"00903",,39278,7437,3879,3144,3487,2684,2315,2239,2165,1588,2698,2597,2900,1235,316,308,286,28254
"3600904","79500US3600904","Monroe County (Central)--Greece & Gates Towns PUMA, New York","Monroe County (Central)--Greece & Gates Towns PUMA, New York","ny","795","00","ACSSF","0000337",,,,,"36",,,,,,,,,,,,,,,,,,,,,,,,,,,,,,,,,,,,,,"00904",,50831,2304,2113,2042,2773,2772,3100,2850,2988,2707,4787,5592,6963,4554,2160,2185,941,53821
"3600905","79500US3600905","Monroe County (North & West) PUMA, New York","Monroe County (North & West) PUMA, New York","ny","795","00","ACSSF","0000338",,,,,"36",,,,,,,,,,,,,,,,,,,,,,,,,,,,,,,,,,,,,,"00905",,39065,1536,1575,1725,1858,1773,1824,1410,1796,1699,3770,4765,5737,4214,2506,1891,986,61861
"3600906","79500US3600906","Monroe County (South) PUMA, New York","Monroe County (South) PUMA, New York","ny","795","00","ACSSF","0000339",,,,,"36",,,,,,,,,,,,,,,,,,,,,,,,,,,,,,,,,,,,,,"00906",,68215,3326,2109,2387,2700,2766,2824,2304,2474,3044,5088,6397,10093,6579,5401,4956,5767,71502
"3601000","79500US3601000","Genesee & Orleans Counties PUMA, New York","Genesee & Orleans Counties PUMA, New York","ny","795","00","ACSSF","0000340",,,,,"36",,,,,,,,,,,,,,,,,,,,,,,,,,,,,,,,,,,,,,"01000",,39787,2485,2189,2665,2873,2342,2310,2132,2406,1609,3849,4489,4838,2904,1375,788,533,46623
"3601101","79500US3601101","Niagara County (Southwest)--Greater Niagara Falls & North Tonawanda Area PUMA, New York","Niagara County (Southwest)--Greater Niagara Falls & North Tonawanda Area PUMA, New York","ny","795","00","ACSSF","0000341",,,,,"36",,,,,,,,,,,,,,,,,,,,,,,,,,,,,,,,,,,,,,"01101",,45830,4441,3351,3085,2908,3620,2492,2522,1912,1835,3795,4430,4840,2950,1574,1338,737,41217
"3601102","79500US3601102","Niagara County (North & East) PUMA, New York","Niagara County (North & East) PUMA, New York","ny","795","00","ACSSF","0000342",,,,,"36",,,,,,,,,,,,,,,,,,,,,,,,,,,,,,,,,,,,,,"01102",,42718,1976,1874,2400,2293,2240,2671,2305,1840,1811,3662,5225,5574,3788,2300,1837,922,54878
"3601201","79500US3601201","Erie County (Northwest) PUMA, New York","Erie County (Northwest) PUMA, New York","ny","795","00","ACSSF","0000343",,,,,"36",,,,,,,,,,,,,,,,,,,,,,,,,,,,,,,,,,,,,,"01201",,47459,2384,2336,2463,2626,1992,2278,2287,2745,2166,4638,5243,6988,4384,2359,1821,749,55056
"3601202","79500US3601202","Erie County (North Central) PUMA, New York","Erie County (North Central) PUMA, New York","ny","795","00","ACSSF","0000344",,,,,"36",,,,,,,,,,,,,,,,,,,,,,,,,,,,,,,,,,,,,,"01202",,48963,3160,2227,2481,1794,2047,1483,1858,1530,1628,4118,4660,6558,5216,3182,3422,3599,65547
"3601203","79500US3601203","Erie County (Northeast) PUMA, New York","Erie County (Northeast) PUMA, New York","ny","795","00","ACSSF","0000345",,,,,"36",,,,,,,,,,,,,,,,,,,,,,,,,,,,,,,,,,,,,,"01203",,41497,1349,1518,1214,1737,2044,1382,1652,1780,1734,3171,4147,6540,3952,3189,3530,2558,70936
"3601204","79500US3601204","Erie County (Central) PUMA, New York","Erie County (Central) PUMA, New York","ny","795","00","ACSSF","0000346",,,,,"36",,,,,,,,,,,,,,,,,,,,,,,,,,,,,,,,,,,,,,"01204",,65508,3681,3784,4395,3933,3632,4073,3529,3121,3259,5561,8291,8772,5140,2261,1581,495,48831
"3601205","79500US3601205","Erie County (West Central)--Buffalo City (East) PUMA, New York","Erie County (West Central)--Buffalo City (East) PUMA, New York","ny","795","00","ACSSF","0000347",,,,,"36",,,,,,,,,,,,,,,,,,,,,,,,,,,,,,,,,,,,,,"01205",,59440,10459,7006,5025,4845,4225,3970,3265,2466,1982,4128,4354,3728,2187,1177,475,148,27982
"3601206","79500US3601206","Erie County (West Central)--Buffalo City (West) PUMA, New York","Erie County (West Central)--Buffalo City (West) PUMA, New York","ny","795","00","ACSSF","0000348",,,,,"36",,,,,,,,,,,,,,,,,,,,,,,,,,,,,,,,,,,,,,"01206",,50934,9137,3631,3653,3117,2768,3006,2437,2412,1516,3978,4215,5033,2452,1151,1042,1386,35330
"3601207","79500US3601207","Erie County (South) PUMA, New York","Erie County (South) PUMA, New York","ny","795","00","ACSSF","0000349",,,,,"36",,,,,,,,,,,,,,,,,,,,,,,,,,,,,,,,,,,,,,"01207",,66675,2683,2411,3306,2806,2968,3594,2680,3027,2423,6376,7796,9454,7084,3712,3457,2898,61535
"3601300","79500US3601300","Livingston & Wyoming Counties PUMA, New York","Livingston & Wyoming Counties PUMA, New York","ny","795","00","ACSSF","0000350",,,,,"36",,,,,,,,,,,,,,,,,,,,,,,,,,,,,,,,,,,,,,"01300",,39578,2483,1841,2182,2137,2471,2173,1915,2193,1730,3745,4599,5644,3401,1503,1106,455,51587
"3601400","79500US3601400","Ontario & Yates Counties PUMA, New York","Ontario & Yates Counties PUMA, New York","ny","795","00","ACSSF","0000351",,,,,"36",,,,,,,,,,,,,,,,,,,,,,,,,,,,,,,,,,,,,,"01400",,53747,2469,2604,2825,2783,3554,2360,2505,3077,2598,5139,5557,6994,4346,2811,2302,1823,53920
"3601500","79500US3601500","Madison & Cortland Counties PUMA, New York","Madison & Cortland Counties PUMA, New York","ny","795","00","ACSSF","0000352",,,,,"36",,,,,,,,,,,,,,,,,,,,,,,,,,,,,,,,,,,,,,"01500",,44661,3028,2123,2780,2317,2129,2557,2314,2789,2302,4035,4804,5513,3248,1979,1777,966,49980
"3601600","79500US3601600","Fulton & Montgomery Counties PUMA, New York","Fulton & Montgomery Counties PUMA, New York","ny","795","00","ACSSF","0000353",,,,,"36",,,,,,,,,,,,,,,,,,,,,,,,,,,,,,,,,,,,,,"01600",,41731,3587,2721,2319,2922,2294,2051,2493,2472,1912,3550,4367,4448,3094,1771,943,787,45018
"3601700","79500US3601700","Schenectady County--Schenectady City PUMA, New York","Schenectady County--Schenectady City PUMA, New York","ny","795","00","ACSSF","0000354",,,,,"36",,,,,,,,,,,,,,,,,,,,,,,,,,,,,,,,,,,,,,"01700",,57812,3796,3314,3524,2797,2694,2548,2621,2785,2161,4504,6614,8004,5155,2639,2821,1835,55406
"3601801","79500US3601801","Saratoga County (South & Central) PUMA, New York","Saratoga County (South & Central) PUMA, New York","ny","795","00","ACSSF","0000355",,,,,"36",,,,,,,,,,,,,,,,,,,,,,,,,,,,,,,,,,,,,,"01801",,43915,1455,908,1382,1829,2029,1212,1988,1571,1776,3607,4947,6427,4882,3482,3308,3112,72050
"3601802","79500US3601802","Saratoga County (Outer) PUMA, New York","Saratoga County (Outer) PUMA, New York","ny","795","00","ACSSF","0000356",,,,,"36",,,,,,,,,,,,,,,,,,,,,,,,,,,,,,,,,,,,,,"01802",,45320,1999,2041,1876,1513,1937,1985,1666,1730,1803,3794,4983,6437,5692,3156,2894,1814,65963
"3601900","79500US3601900","Rensselaer County--Troy City PUMA, New York","Rensselaer County--Troy City PUMA, New York","ny","795","00","ACSSF","0000357",,,,,"36",,,,,,,,,,,,,,,,,,,,,,,,,,,,,,,,,,,,,,"01900",,63631,4166,3130,2600,3002,2780,2707,2896,2832,2880,4907,7163,8570,6329,4178,3660,1831,59818
"3602001","79500US3602001","Albany County (East Central)--Albany City PUMA, New York","Albany County (East Central)--Albany City PUMA, New York","ny","795","00","ACSSF","0000358",,,,,"36",,,,,,,,,,,,,,,,,,,,,,,,,,,,,,,,,,,,,,"02001",,43270,4894,3565,2979,2842,2086,2147,2349,1946,1252,3519,4292,5051,2940,1723,1146,539,41801
"3602002","79500US3602002","Albany County (Outside Albany City) PUMA, New York","Albany County (Outside Albany City) PUMA, New York","ny","795","00","ACSSF","0000359",,,,,"36",,,,,,,,,,,,,,,,,,,,,,,,,,,,,,,,,,,,,,"02002",,78992,3134,2499,2829,3167,3001,3131,2736,4131,3052,6993,8132,11541,8817,5113,6375,4341,68227
"3602100","79500US3602100","Columbia & Greene Counties PUMA, New York","Columbia & Greene Counties PUMA, New York","ny","795","00","ACSSF","0000360",,,,,"36",,,,,,,,,,,,,,,,,,,,,,,,,,,,,,,,,,,,,,"02100",,43366,2452,2217,2192,2221,2476,2345,2204,2203,1842,3373,4282,5479,4300,2380,1702,1698,54412
"3602201","79500US3602201","Broome County (West Central)--Greater Binghamton City & Greater Johnson City Village PUMA, New York","Broome County (West Central)--Greater Binghamton City & Greater Johnson City Village PUMA, New York","ny","795","00","ACSSF","0000361",,,,,"36",,,,,,,,,,,,,,,,,,,,,,,,,,,,,,,,,,,,,,"02201",,51724,5872,4065,3976,3485,2533,3019,2493,2518,2182,3937,4460,5249,3306,1658,1750,1221,40788
"3602202","79500US3602202","Broome (Outer West) & Tioga Counties PUMA, New York","Broome (Outer West) & Tioga Counties PUMA, New York","ny","795","00","ACSSF","0000362",,,,,"36",,,,,,,,,,,,,,,,,,,,,,,,,,,,,,,,,,,,,,"02202",,42357,1712,1913,2447,2559,2425,1899,1868,1961,2091,3736,5445,5550,3678,2077,1970,1026,55955
"3602203","79500US3602203","Chenango, Delaware & Broome (East) Counties PUMA; New York","Chenango, New York","ny","795","00","ACSSF","0000363",,,,,"36",,,,,,,,,,,,,,,,,,,,,,,,,,,,,,,,,,,,,,"02203",,43816,3673,3107,2815,3459,2647,2390,2299,2432,1875,3531,4994,5096,2849,1393,846,410,43047
"3602300","79500US3602300","Tompkins County PUMA, New York","Tompkins County PUMA, New York","ny","795","00","ACSSF","0000364",,,,,"36",,,,,,,,,,,,,,,,,,,,,,,,,,,,,,,,,,,,,,"02300",,38195,4240,2033,1898,1934,2108,1564,1665,1846,1561,2503,3989,4148,2853,1865,1883,2105,50868
"3602401","79500US3602401","Chemung (South) & Steuben (East) Counties--Greater Elmira & Greater Corning Cities PUMA, New York","Chemung (South) & Steuben (East) Counties--Greater Elmira & Greater Corning Cities PUMA, New York","ny","795","00","ACSSF","0000365",,,,,"36",,,,,,,,,,,,,,,,,,,,,,,,,,,,,,,,,,,,,,"02401",,42612,3306,2916,2757,2650,2484,2188,2196,1601,1523,3562,4394,4882,3330,1728,1835,1260,48736
"3602402","79500US3602402","Steuben (North & West), Schuyler & Chemung (North) Counties PUMA; New York","Steuben (North & West), New York","ny","795","00","ACSSF","0000366",,,,,"36",,,,,,,,,,,,,,,,,,,,,,,,,,,,,,,,,,,,,,"02402",,42132,2951,2738,2571,2548,2992,2391,2183,2289,2320,3724,4972,4699,2711,1551,1029,463,45780
"3602500","79500US3602500","Cattaraugus & Allegany Counties PUMA, New York","Cattaraugus & Allegany Counties PUMA, New York","ny","795","00","ACSSF","0000367",,,,,"36",,,,,,,,,,,,,,,,,,,,,,,,,,,,,,,,,,,,,,"02500",,50469,3400,3833,3777,3501,3384,3264,3137,2828,2601,4195,5267,5763,2888,1219,817,595,41580
"3602600","79500US3602600","Chautauqua County PUMA, New York","Chautauqua County PUMA, New York","ny","795","00","ACSSF","0000368",,,,,"36",,,,,,,,,,,,,,,,,,,,,,,,,,,,,,,,,,,,,,"02600",,54416,5109,3757,3854,3396,3704,3137,2761,3213,2882,4934,5451,5764,3225,1257,1343,629,42380
"3602701","79500US3602701","Sullivan & Ulster (West) Counties PUMA, New York","Sullivan & Ulster (West) Counties PUMA, New York","ny","795","00","ACSSF","0000369",,,,,"36",,,,,,,,,,,,,,,,,,,,,,,,,,,,,,,,,,,,,,"02701",,41794,3279,2576,2492,2160,2017,2111,2146,1630,1959,3700,4703,4956,2687,1960,1879,1539,51166
"3602702","79500US3602702","Ulster County (East) PUMA, New York","Ulster County (East) PUMA, New York","ny","795","00","ACSSF","0000370",,,,,"36",,,,,,,,,,,,,,,,,,,,,,,,,,,,,,,,,,,,,,"02702",,55652,2984,2599,2903,3338,2658,2814,2271,2217,2272,4344,5945,7603,5064,3353,2971,2316,58603
"3602801","79500US3602801","Dutchess County (North & East) PUMA, New York","Dutchess County (North & East) PUMA, New York","ny","795","00","ACSSF","0000371",,,,,"36",,,,,,,,,,,,,,,,,,,,,,,,,,,,,,,,,,,,,,"02801",,46145,1538,1465,1658,1937,1631,1677,1703,1541,1760,3828,4732,6600,4897,3701,3745,3732,73689
"3602802","79500US3602802","Dutchess County (Southwest) PUMA, New York","Dutchess County (Southwest) PUMA, New York","ny","795","00","ACSSF","0000372",,,,,"36",,,,,,,,,,,,,,,,,,,,,,,,,,,,,,,,,,,,,,"02802",,60793,3030,2841,2749,2745,3094,2859,2149,2427,1782,3786,6140,8338,6230,4092,5151,3380,67251
"3602901","79500US3602901","Orange County (Northeast)--Greater Newburgh City PUMA, New York","Orange County (Northeast)--Greater Newburgh City PUMA, New York","ny","795","00","ACSSF","0000373",,,,,"36",,,,,,,,,,,,,,,,,,,,,,,,,,,,,,,,,,,,,,"02901",,42033,2664,1635,1884,1508,1889,2037,1611,1930,1561,2451,4574,5541,4193,2980,3243,2332,66466
"3602902","79500US3602902","Orange County (Northwest) PUMA, New York","Orange County (Northwest) PUMA, New York","ny","795","00","ACSSF","0000374",,,,,"36",,,,,,,,,,,,,,,,,,,,,,,,,,,,,,,,,,,,,,"02902",,42330,2581,1876,2348,1830,1594,1851,1517,1588,1569,3118,4251,6014,4280,2830,3227,1856,63360
"3602903","79500US3602903","Orange County (Southeast) PUMA, New York","Orange County (Southeast) PUMA, New York","ny","795","00","ACSSF","0000375",,,,,"36",,,,,,,,,,,,,,,,,,,,,,,,,,,,,,,,,,,,,,"02903",,40662,1696,1979,1251,1640,1280,1083,1333,1260,1269,2579,4401,4887,4361,3589,3972,4082,77609
"3603001","79500US3603001","Rockland County (North)--New City & Congers PUMA, New York","Rockland County (North)--New City & Congers PUMA, New York","ny","795","00","ACSSF","0000376",,,,,"36",,,,,,,,,,,,,,,,,,,,,,,,,,,,,,,,,,,,,,"03001",,34303,838,794,1269,1233,623,764,759,1084,732,1636,3269,4995,4356,3186,4316,4449,94450
"3603002","79500US3603002","Rockland County (South)--Orangetown, Clarkstown (South) & Ramapo (Southeast) Towns PUMA; New York","Rockland County (South)--Orangetown, New York","ny","795","00","ACSSF","0000377",,,,,"36",,,,,,,,,,,,,,,,,,,,,,,,,,,,,,,,,,,,,,"03002",,36204,1773,1506,1214,1143,812,1135,1030,1020,1190,1612,2812,4755,3987,2872,4111,5232,90017
"3603003","79500US3603003","Rockland County (West)--Spring Valley, Suffern Villages & Monsey PUMA; New York","Rockland County (West)--Spring Valley, New York","ny","795","00","ACSSF","0000378",,,,,"36",,,,,,,,,,,,,,,,,,,,,,,,,,,,,,,,,,,,,,"03003",,27452,1491,1820,1576,1257,1113,1208,1115,1240,896,1979,2389,3425,2608,1386,2089,1860,60185
"3603101","79500US3603101","Putnam County PUMA, New York","Putnam County PUMA, New York","ny","795","00","ACSSF","0000379",,,,,"36",,,,,,,,,,,,,,,,,,,,,,,,,,,,,,,,,,,,,,"03101",,35198,1078,878,1035,888,1126,1314,748,651,819,2046,3088,4448,4351,3702,4443,4583,96318
"3603102","79500US3603102","Westchester County (Northwest) PUMA, New York","Westchester County (Northwest) PUMA, New York","ny","795","00","ACSSF","0000380",,,,,"36",,,,,,,,,,,,,,,,,,,,,,,,,,,,,,,,,,,,,,"03102",,50241,1999,1955,1980,1841,1409,1420,1353,1526,1677,2679,4507,5667,4581,4004,5785,7858,85486
"3603103","79500US3603103","Westchester County (Northeast) PUMA, New York","Westchester County (Northeast) PUMA, New York","ny","795","00","ACSSF","0000381",,,,,"36",,,,,,,,,,,,,,,,,,,,,,,,,,,,,,,,,,,,,,"03103",,46705,1026,945,1000,1118,1395,962,1722,1170,765,2197,2732,4721,4561,3720,6032,12639,119295
"3603104","79500US3603104","Westchester County (Southeast) PUMA, New York","Westchester County (Southeast) PUMA, New York","ny","795","00","ACSSF","0000382",,,,,"36",,,,,,,,,,,,,,,,,,,,,,,,,,,,,,,,,,,,,,"03104",,40223,1675,986,1302,1240,1384,1253,1606,1031,623,2472,3127,3904,3463,2532,3517,10108,96415
"3603105","79500US3603105","Westchester County (Central)--White Plains City PUMA, New York","Westchester County (Central)--White Plains City PUMA, New York","ny","795","00","ACSSF","0000383",,,,,"36",,,,,,,,,,,,,,,,,,,,,,,,,,,,,,,,,,,,,,"03105",,59356,1514,1744,1700,1627,1248,2198,1477,1843,1274,3254,4155,6578,6000,4695,6434,13615,102782
"3603106","79500US3603106","Westchester County (Southwest)--Yonkers City PUMA, New York","Westchester County (Southwest)--Yonkers City PUMA, New York","ny","795","00","ACSSF","0000384",,,,,"36",,,,,,,,,,,,,,,,,,,,,,,,,,,,,,,,,,,,,,"03106",,73092,6755,3526,3777,4224,3304,3427,2953,2933,2190,4459,7194,9343,6355,4193,4211,4248,57301
"3603107","79500US3603107","Westchester County (South Central)--New Rochelle & Mount Vernon Cities PUMA, New York","Westchester County (South Central)--New Rochelle & Mount Vernon Cities PUMA, New York","ny","795","00","ACSSF","0000385",,,,,"36",,,,,,,,,,,,,,,,,,,,,,,,,,,,,,,,,,,,,,"03107",,70672,3637,3300,3386,3713,2731,2876,2640,3318,2375,4808,6185,7716,5916,3840,5091,9140,64826
"3603201","79500US3603201","Nassau County (Northwest)--North Hempstead Town (North) PUMA, New York","Nassau County (Northwest)--North Hempstead Town (North) PUMA, New York","ny","795","00","ACSSF","0000386",,,,,"36",,,,,,,,,,,,,,,,,,,,,,,,,,,,,,,,,,,,,,"03201",,38947,1444,843,1111,1148,939,795,1058,752,903,1943,2939,4097,3515,2730,3853,10877,110028
"3603202","79500US3603202","Nassau County (Northeast)--Oyster Bay Town (North) & Glen Cove City PUMA, New York","Nassau County (Northeast)--Oyster Bay Town (North) & Glen Cove City PUMA, New York","ny","795","00","ACSSF","0000387",,,,,"36",,,,,,,,,,,,,,,,,,,,,,,,,,,,,,,,,,,,,,"03202",,37836,1064,740,901,1478,988,1352,1112,950,1013,1443,2716,3556,3054,2938,4251,10280,111429
"3603203","79500US3603203","Nassau County (East Central)--Oyster Bay Town (Central) PUMA, New York","Nassau County (East Central)--Oyster Bay Town (Central) PUMA, New York","ny","795","00","ACSSF","0000388",,,,,"36",,,,,,,,,,,,,,,,,,,,,,,,,,,,,,,,,,,,,,"03203",,34075,544,562,801,839,1330,667,811,1053,614,1841,2604,4655,4381,3439,4651,5283,102749
"3603204","79500US3603204","Nassau County (West Central)--North Hempstead Town (South) PUMA, New York","Nassau County (West Central)--North Hempstead Town (South) PUMA, New York","ny","795","00","ACSSF","0000389",,,,,"36",,,,,,,,,,,,,,,,,,,,,,,,,,,,,,,,,,,,,,"03204",,36964,1002,891,964,1027,1200,1201,955,1218,1093,2056,3276,4224,4638,3862,4466,4891,95794
"3603205","79500US3603205","Nassau County (West Central)--Hempstead Town (Northwest) PUMA, New York","Nassau County (West Central)--Hempstead Town (Northwest) PUMA, New York","ny","795","00","ACSSF","0000390",,,,,"36",,,,,,,,,,,,,,,,,,,,,,,,,,,,,,,,,,,,,,"03205",,37250,723,880,1156,880,912,1080,1055,1067,1202,1801,2899,4712,4672,3618,4341,6252,101061
"3603206","79500US3603206","Nassau County (Central)--Hempstead Town (North Central)--Meadowbrook Corridor PUMA, New York","Nassau County (Central)--Hempstead Town (North Central)--Meadowbrook Corridor PUMA, New York","ny","795","00","ACSSF","0000391",,,,,"36",,,,,,,,,,,,,,,,,,,,,,,,,,,,,,,,,,,,,,"03206",,41698,3437,2106,1667,1995,1704,1723,1727,1508,1787,2888,3937,5305,4227,2415,2816,2456,61009
"3603207","79500US3603207","Nassau County (Central)--Hempstead Town (Northeast) PUMA, New York","Nassau County (Central)--Hempstead Town (Northeast) PUMA, New York","ny","795","00","ACSSF","0000392",,,,,"36",,,,,,,,,,,,,,,,,,,,,,,,,,,,,,,,,,,,,,"03207",,37443,806,825,1053,1331,879,559,1065,829,1142,2323,3430,5486,5103,3481,4771,4360,95367
"3603208","79500US3603208","Nassau County (Southeast)--Oyster Bay Town (South) PUMA, New York","Nassau County (Southeast)--Oyster Bay Town (South) PUMA, New York","ny","795","00","ACSSF","0000393",,,,,"36",,,,,,,,,,,,,,,,,,,,,,,,,,,,,,,,,,,,,,"03208",,36057,631,734,1000,886,806,1061,923,997,1300,1746,3136,4965,4598,3783,5319,4172,99092
"3603209","79500US3603209","Nassau County (Central)--Hempstead Town (East Central) PUMA, New York","Nassau County (Central)--Hempstead Town (East Central) PUMA, New York","ny","795","00","ACSSF","0000394",,,,,"36",,,,,,,,,,,,,,,,,,,,,,,,,,,,,,,,,,,,,,"03209",,33623,565,383,568,601,886,1090,1034,819,586,1769,2310,4088,4348,3291,4962,6323,110017
"3603210","79500US3603210","Nassau County (South Central)--Hempstead Town (Southeast) PUMA, New York","Nassau County (South Central)--Hempstead Town (Southeast) PUMA, New York","ny","795","00","ACSSF","0000395",,,,,"36",,,,,,,,,,,,,,,,,,,,,,,,,,,,,,,,,,,,,,"03210",,35115,1398,870,1175,1140,749,1012,1158,1077,920,1716,2927,4968,3608,3539,3828,5030,91589
"3603211","79500US3603211","Nassau County (West Central)--Hempstead Town (West Central) PUMA, New York","Nassau County (West Central)--Hempstead Town (West Central) PUMA, New York","ny","795","00","ACSSF","0000396",,,,,"36",,,,,,,,,,,,,,,,,,,,,,,,,,,,,,,,,,,,,,"03211",,33510,1112,951,1236,1035,775,1072,870,900,765,1994,3116,4577,3964,3169,4714,3260,91170
"3603212","79500US3603212","Nassau County (Southwest)--Hempstead Town (Southwest) & Long Beach City PUMA, New York","Nassau County (Southwest)--Hempstead Town (Southwest) & Long Beach City PUMA, New York","ny","795","00","ACSSF","0000397",,,,,"36",,,,,,,,,,,,,,,,,,,,,,,,,,,,,,,,,,,,,,"03212",,38122,1293,919,1311,1035,1208,1232,1067,1092,1238,2011,2923,5034,5130,2796,3822,6011,93636
"3603301","79500US3603301","Suffolk County (Northwest)--Huntington Town (North) PUMA, New York","Suffolk County (Northwest)--Huntington Town (North) PUMA, New York","ny","795","00","ACSSF","0000398",,,,,"36",,,,,,,,,,,,,,,,,,,,,,,,,,,,,,,,,,,,,,"03301",,35004,979,824,667,1389,1214,806,1067,1213,955,1471,2979,3787,4164,2795,3852,6842,100742
"3603302","79500US3603302","Suffolk County (Northwest)--Huntington Town (South) PUMA, New York","Suffolk County (Northwest)--Huntington Town (South) PUMA, New York","ny","795","00","ACSSF","0000399",,,,,"36",,,,,,,,,,,,,,,,,,,,,,,,,,,,,,,,,,,,,,"03302",,34237,1111,947,830,611,873,841,649,652,971,1969,2538,3898,3649,2572,4708,7418,106897
"3603303","79500US3603303","Suffolk County (Northwest)--Smithtown Town PUMA, New York","Suffolk County (Northwest)--Smithtown Town PUMA, New York","ny","795","00","ACSSF","0000400",,,,,"36",,,,,,,,,,,,,,,,,,,,,,,,,,,,,,,,,,,,,,"03303",,39279,896,857,1055,1004,776,756,967,1120,819,1841,2953,4593,5258,4096,5820,6468,108985
"3603304","79500US3603304","Suffolk County (North Central)--Brookhaven Town (North) PUMA, New York","Suffolk County (North Central)--Brookhaven Town (North) PUMA, New York","ny","795","00","ACSSF","0000401",,,,,"36",,,,,,,,,,,,,,,,,,,,,,,,,,,,,,,,,,,,,,"03304",,39483,1182,1048,915,1043,900,1239,1123,988,837,2206,2560,5340,4982,3862,5396,5862,101442
"3603305","79500US3603305","Suffolk County (East) PUMA, New York","Suffolk County (East) PUMA, New York","ny","795","00","ACSSF","0000402",,,,,"36",,,,,,,,,,,,,,,,,,,,,,,,,,,,,,,,,,,,,,"03305",,53849,2124,1376,1709,2569,2715,1976,1808,2348,1743,3792,4450,6972,5197,4285,4809,5976,75932
"3603306","79500US3603306","Suffolk County (South Central)--Brookhaven Town (South) PUMA, New York","Suffolk County (South Central)--Brookhaven Town (South) PUMA, New York","ny","795","00","ACSSF","0000403",,,,,"36",,,,,,,,,,,,,,,,,,,,,,,,,,,,,,,,,,,,,,"03306",,43477,2003,1636,1616,1591,1225,1310,1297,1103,1347,3142,4666,6311,5945,3770,3758,2757,78191
"3603307","79500US3603307","Suffolk County (Central)--Brookhaven Town (Central) PUMA, New York","Suffolk County (Central)--Brookhaven Town (Central) PUMA, New York","ny","795","00","ACSSF","0000404",,,,,"36",,,,,,,,,,,,,,,,,,,,,,,,,,,,,,,,,,,,,,"03307",,44131,1912,1640,1518,1467,1437,1405,1507,1374,1507,3194,4637,6180,5764,3595,4180,2814,77557
"3603308","79500US3603308","Suffolk County (Central)--Brookhaven Town (West Central) PUMA, New York","Suffolk County (Central)--Brookhaven Town (West Central) PUMA, New York","ny","795","00","ACSSF","0000405",,,,,"36",,,,,,,,,,,,,,,,,,,,,,,,,,,,,,,,,,,,,,"03308",,34771,1373,793,905,1096,544,987,786,1162,899,2293,3008,6144,4758,3399,4219,2405,89637
"3603309","79500US3603309","Suffolk County (Central)--Islip Town (East) PUMA, New York","Suffolk County (Central)--Islip Town (East) PUMA, New York","ny","795","00","ACSSF","0000406",,,,,"36",,,,,,,,,,,,,,,,,,,,,,,,,,,,,,,,,,,,,,"03309",,35402,847,682,1048,1048,1043,1272,1068,1186,862,1858,3178,5324,5232,3157,4058,3539,91034
"3603310","79500US3603310","Suffolk County (Central)--Islip Town (Northwest) PUMA, New York","Suffolk County (Central)--Islip Town (Northwest) PUMA, New York","ny","795","00","ACSSF","0000407",,,,,"36",,,,,,,,,,,,,,,,,,,,,,,,,,,,,,,,,,,,,,"03310",,32544,1175,1513,923,960,1262,1376,1298,1620,1124,2400,3653,4774,3951,2727,2724,1064,69391
"3603311","79500US3603311","Suffolk County (Southwest)--Islip Town (South) PUMA, New York","Suffolk County (Southwest)--Islip Town (South) PUMA, New York","ny","795","00","ACSSF","0000408",,,,,"36",,,,,,,,,,,,,,,,,,,,,,,,,,,,,,,,,,,,,,"03311",,34675,908,705,1235,808,1069,840,1191,938,762,1771,3046,5135,4520,3242,4522,3983,93642
"3603312","79500US3603312","Suffolk County (Southwest)--Babylon Town (Southeast) PUMA, New York","Suffolk County (Southwest)--Babylon Town (Southeast) PUMA, New York","ny","795","00","ACSSF","0000409",,,,,"36",,,,,,,,,,,,,,,,,,,,,,,,,,,,,,,,,,,,,,"03312",,33836,786,822,923,1190,1035,994,854,704,1337,2054,3854,5613,4824,2692,3667,2487,85376
"3603313","79500US3603313","Suffolk County (West Central)--Babylon Town (Northwest) PUMA, New York","Suffolk County (West Central)--Babylon Town (Northwest) PUMA, New York","ny","795","00","ACSSF","0000410",,,,,"36",,,,,,,,,,,,,,,,,,,,,,,,,,,,,,,,,,,,,,"03313",,36154,1338,1346,1732,1163,1396,1730,1354,1236,1445,2701,3544,5460,3784,2793,3182,1950,70280
"3603701","79500US3603701","NYC-Bronx Community District 8--Riverdale, Fieldston & Kingsbridge PUMA; New York","NYC-Bronx Community District 8--Riverdale, New York","ny","795","00","ACSSF","0000411",,,,,"36",,,,,,,,,,,,,,,,,,,,,,,,,,,,,,,,,,,,,,"03701",,40630,3499,1866,1659,1714,2102,1749,1707,1901,1651,3482,4272,5059,3458,1850,2293,2368,56877
"3603702","79500US3603702","NYC-Bronx Community District 12--Wakefield, Williamsbridge & Woodlawn PUMA; New York","NYC-Bronx Community District 12--Wakefield, New York","ny","795","00","ACSSF","0000412",,,,,"36",,,,,,,,,,,,,,,,,,,,,,,,,,,,,,,,,,,,,,"03702",,46905,6014,2956,2875,2241,2177,2991,2527,2188,1371,3448,4452,5850,3813,1581,1843,578,43541
"3603703","79500US3603703","NYC-Bronx Community District 10--Co-op City, Pelham Bay & Schuylerville PUMA; New York","NYC-Bronx Community District 10--Co-op City, New York","ny","795","00","ACSSF","0000413",,,,,"36",,,,,,,,,,,,,,,,,,,,,,,,,,,,,,,,,,,,,,"03703",,45466,3677,2397,2277,2711,2104,2642,2088,1892,1540,3162,3679,6156,4423,2639,2503,1576,54685
"3603704","79500US3603704","NYC-Bronx Community District 11--Pelham Parkway, Morris Park & Laconia PUMA; New York","NYC-Bronx Community District 11--Pelham Parkway, New York","ny","795","00","ACSSF","0000414",,,,,"36",,,,,,,,,,,,,,,,,,,,,,,,,,,,,,,,,,,,,,"03704",,43093,5430,3086,2214,2516,2316,2250,2300,1932,1751,3107,4318,4624,3418,1409,1528,894,43503
"3603705","79500US3603705","NYC-Bronx Community District 3 & 6--Belmont, Crotona Park East & East Tremont PUMA; New York","NYC-Bronx Community District 3 & 6--Belmont, New York","ny","795","00","ACSSF","0000415",,,,,"36",,,,,,,,,,,,,,,,,,,,,,,,,,,,,,,,,,,,,,"03705",,54210,13062,7000,4759,4151,3452,3313,2676,2495,1661,3200,3153,2578,1390,657,434,229,22343
"3603706","79500US3603706","NYC-Bronx Community District 7--Bedford Park, Fordham North & Norwood PUMA; New York","NYC-Bronx Community District 7--Bedford Park, New York","ny","795","00","ACSSF","0000416",,,,,"36",,,,,,,,,,,,,,,,,,,,,,,,,,,,,,,,,,,,,,"03706",,41714,6930,4152,4098,2957,2419,2497,2131,1697,1736,3142,3011,3912,1684,531,381,436,30541
"3603707","79500US3603707","NYC-Bronx Community District 5--Morris Heights, Fordham South & Mount Hope PUMA; New York","NYC-Bronx Community District 5--Morris Heights, New York","ny","795","00","ACSSF","0000417",,,,,"36",,,,,,,,,,,,,,,,,,,,,,,,,,,,,,,,,,,,,,"03707",,44093,9399,5064,4561,3274,2945,2768,1925,2340,1524,3041,2483,2939,1025,234,460,111,24517
"3603708","79500US3603708","NYC-Bronx Community District 4--Concourse, Highbridge & Mount Eden PUMA; New York","NYC-Bronx Community District 4--Concourse, New York","ny","795","00","ACSSF","0000418",,,,,"36",,,,,,,,,,,,,,,,,,,,,,,,,,,,,,,,,,,,,,"03708",,46832,9523,5123,4580,3572,3540,2410,2057,2460,2036,3344,2952,2816,1561,471,241,146,25745
"3603709","79500US3603709","NYC-Bronx Community District 9--Castle Hill, Clason Point & Parkchester PUMA; New York","NYC-Bronx Community District 9--Castle Hill, New York","ny","795","00","ACSSF","0000419",,,,,"36",,,,,,,,,,,,,,,,,,,,,,,,,,,,,,,,,,,,,,"03709",,62950,9748,6108,4818,4605,2685,3640,2739,3544,2448,4430,5123,5982,3382,1839,1295,564,34779
"3603710","79500US3603710","NYC-Bronx Community District 1 & 2--Hunts Point, Longwood & Melrose PUMA; New York","NYC-Bronx Community District 1 & 2--Hunts Point, New York","ny","795","00","ACSSF","0000420",,,,,"36",,,,,,,,,,,,,,,,,,,,,,,,,,,,,,,,,,,,,,"03710",,48810,12193,6281,4860,3679,3264,2971,2384,1799,1851,2962,2921,1721,1157,383,213,171,21318
"3603801","79500US3603801","NYC-Manhattan Community District 12--Washington Heights, Inwood & Marble Hill PUMA; New York","NYC-Manhattan Community District 12--Washington Heights, New York","ny","795","00","ACSSF","0000421",,,,,"36",,,,,,,,,,,,,,,,,,,,,,,,,,,,,,,,,,,,,,"03801",,70214,9258,5845,5593,4595,3721,4438,2859,3022,2625,4962,6553,7264,3749,2045,1943,1742,37685
"3603802","79500US3603802","NYC-Manhattan Community District 9--Hamilton Heights, Manhattanville & West Harlem PUMA; New York","NYC-Manhattan Community District 9--Hamilton Heights, New York","ny","795","00","ACSSF","0000422",,,,,"36",,,,,,,,,,,,,,,,,,,,,,,,,,,,,,,,,,,,,,"03802",,45736,8161,2913,3297,2114,1829,2420,1411,1787,1752,2717,3851,4354,2101,2179,2121,2729,41736
"3603803","79500US3603803","NYC-Manhattan Community District 10--Central Harlem PUMA, New York","NYC-Manhattan Community District 10--Central Harlem PUMA, New York","ny","795","00","ACSSF","0000423",,,,,"36",,,,,,,,,,,,,,,,,,,,,,,,,,,,,,,,,,,,,,"03803",,52951,9150,4001,3833,2781,2611,2974,2718,2093,2004,4008,4599,4195,2554,1558,1850,2022,36468
"3603804","79500US3603804","NYC-Manhattan Community District 11--East Harlem PUMA, New York","NYC-Manhattan Community District 11--East Harlem PUMA, New York","ny","795","00","ACSSF","0000424",,,,,"36",,,,,,,,,,,,,,,,,,,,,,,,,,,,,,,,,,,,,,"03804",,44768,8391,5342,3239,2951,2271,2574,1670,1919,1036,2954,2755,3014,2248,1317,1239,1848,30335
"3603805","79500US3603805","NYC-Manhattan Community District 8--Upper East Side PUMA, New York","NYC-Manhattan Community District 8--Upper East Side PUMA, New York","ny","795","00","ACSSF","0000425",,,,,"36",,,,,,,,,,,,,,,,,,,,,,,,,,,,,,,,,,,,,,"03805",,115522,5693,2955,2881,3322,2457,3133,1805,3439,2444,5861,8922,11773,10954,7340,9444,33099,104602
"3603806","79500US3603806","NYC-Manhattan Community District 7--Upper West Side & West Side PUMA, New York","NYC-Manhattan Community District 7--Upper West Side & West Side PUMA, New York","ny","795","00","ACSSF","0000426",,,,,"36",,,,,,,,,,,,,,,,,,,,,,,,,,,,,,,,,,,,,,"03806",,97034,7648,3823,2840,3382,2925,2414,1993,2926,2443,3525,6788,9035,8185,6246,10105,22756,96009
"3603807","79500US3603807","NYC-Manhattan Community District 4 & 5--Chelsea, Clinton & Midtown Business District PUMA; New York","NYC-Manhattan Community District 4 & 5--Chelsea, New York","ny","795","00","ACSSF","0000427",,,,,"36",,,,,,,,,,,,,,,,,,,,,,,,,,,,,,,,,,,,,,"03807",,82072,5926,3878,3293,2256,2014,2829,2181,2863,1742,3882,5005,7454,7334,4621,8116,18678,92583
"3603808","79500US3603808","NYC-Manhattan Community District 6--Murray Hill, Gramercy & Stuyvesant Town PUMA; New York","NYC-Manhattan Community District 6--Murray Hill, New York","ny","795","00","ACSSF","0000428",,,,,"36",,,,,,,,,,,,,,,,,,,,,,,,,,,,,,,,,,,,,,"03808",,79449,5111,2215,1837,2355,1126,1992,1836,2201,1438,3171,6110,9303,8044,6841,8489,17380,101769
"3603809","79500US3603809","NYC-Manhattan Community District 3--Chinatown & Lower East Side PUMA, New York","NYC-Manhattan Community District 3--Chinatown & Lower East Side PUMA, New York","ny","795","00","ACSSF","0000429",,,,,"36",,,,,,,,,,,,,,,,,,,,,,,,,,,,,,,,,,,,,,"03809",,69780,10547,6401,5233,3869,3594,2320,2319,2405,1721,4364,5706,5898,4659,2552,3278,4914,40919
"3603810","79500US3603810","NYC-Manhattan Community District 1 & 2--Battery Park City, Greenwich Village & Soho PUMA; New York","NYC-Manhattan Community District 1 & 2--Battery Park City, New York","ny","795","00","ACSSF","0000430",,,,,"36",,,,,,,,,,,,,,,,,,,,,,,,,,,,,,,,,,,,,,"03810",,76534,3969,1891,1495,1761,1651,1248,1531,1792,1187,3698,4871,7671,7046,5496,8688,22539,119596
"3603901","79500US3603901","NYC-Staten Island Community District 3--Tottenville, Great Kills & Annadale PUMA; New York","NYC-Staten Island Community District 3--Tottenville, New York","ny","795","00","ACSSF","0000431",,,,,"36",,,,,,,,,,,,,,,,,,,,,,,,,,,,,,,,,,,,,,"03901",,57220,2387,1693,1593,1733,1648,1729,1331,1734,1541,4283,5619,8367,7048,5108,6540,4866,84670
"3603902","79500US3603902","NYC-Staten Island Community District 2--New Springville & South Beach PUMA, New York","NYC-Staten Island Community District 2--New Springville & South Beach PUMA, New York","ny","795","00","ACSSF","0000432",,,,,"36",,,,,,,,,,,,,,,,,,,,,,,,,,,,,,,,,,,,,,"03902",,46919,2503,1551,2071,1717,1889,1598,2125,1539,1417,3395,4642,6668,5342,2849,4556,3057,71925
"3603903","79500US3603903","NYC-Staten Island Community District 1--Port Richmond, Stapleton & Mariner's Harbor PUMA; New York","NYC-Staten Island Community District 1--Port Richmond, New York","ny","795","00","ACSSF","0000433",,,,,"36",,,,,,,,,,,,,,,,,,,,,,,,,,,,,,,,,,,,,,"03903",,60237,6167,2958,2819,3238,2731,2261,2097,2755,1682,4172,5439,7835,5332,4021,3908,2822,57975
"3604001","79500US3604001","NYC-Brooklyn Community District 1--Greenpoint & Williamsburg PUMA, New York","NYC-Brooklyn Community District 1--Greenpoint & Williamsburg PUMA, New York","ny","795","00","ACSSF","0000434",,,,,"36",,,,,,,,,,,,,,,,,,,,,,,,,,,,,,,,,,,,,,"04001",,60608,6576,4787,4309,2718,2614,2937,1712,2142,2136,3672,5640,6552,4857,3203,3326,3427,50778
"3604002","79500US3604002","NYC-Brooklyn Community District 4--Bushwick PUMA, New York","NYC-Brooklyn Community District 4--Bushwick PUMA, New York","ny","795","00","ACSSF","0000435",,,,,"36",,,,,,,,,,,,,,,,,,,,,,,,,,,,,,,,,,,,,,"04002",,44787,7251,2941,3504,2592,2365,2261,2007,2190,1804,3255,4560,4298,2510,1650,1004,595,38274
"3604003","79500US3604003","NYC-Brooklyn Community District 3--Bedford-Stuyvesant PUMA, New York","NYC-Brooklyn Community District 3--Bedford-Stuyvesant PUMA, New York","ny","795","00","ACSSF","0000436",,,,,"36",,,,,,,,,,,,,,,,,,,,,,,,,,,,,,,,,,,,,,"04003",,49212,7920,4625,3375,2794,2785,2310,2464,1940,2255,3559,3737,3722,3358,1561,1644,1163,36528
"3604004","79500US3604004","NYC-Brooklyn Community District 2--Brooklyn Heights & Fort Greene PUMA, New York","NYC-Brooklyn Community District 2--Brooklyn Heights & Fort Greene PUMA, New York","ny","795","00","ACSSF","0000437",,,,,"36",,,,,,,,,,,,,,,,,,,,,,,,,,,,,,,,,,,,,,"04004",,53813,4724,3038,2160,2396,1720,1867,1648,1625,1427,3119,3701,6222,4756,3437,4537,7436,73290
"3604005","79500US3604005","NYC-Brooklyn Community District 6--Park Slope, Carroll Gardens & Red Hook PUMA; New York","NYC-Brooklyn Community District 6--Park Slope, New York","ny","795","00","ACSSF","0000438",,,,,"36",,,,,,,,,,,,,,,,,,,,,,,,,,,,,,,,,,,,,,"04005",,48185,3264,1532,934,1047,997,1061,1184,1640,1035,2484,4600,5531,4462,3819,5399,9196,93969
"3604006","79500US3604006","NYC-Brooklyn Community District 8--Crown Heights North & Prospect Heights PUMA, New York","NYC-Brooklyn Community District 8--Crown Heights North & Prospect Heights PUMA, New York","ny","795","00","ACSSF","0000439",,,,,"36",,,,,,,,,,,,,,,,,,,,,,,,,,,,,,,,,,,,,,"04006",,50355,7052,3983,3551,2557,2673,2411,2412,2120,1530,3674,4665,5233,3018,1914,1589,1973,41075
"3604007","79500US3604007","NYC-Brooklyn Community District 16--Brownsville & Ocean Hill PUMA, New York","NYC-Brooklyn Community District 16--Brownsville & Ocean Hill PUMA, New York","ny","795","00","ACSSF","0000440",,,,,"36",,,,,,,,,,,,,,,,,,,,,,,,,,,,,,,,,,,,,,"04007",,42706,9619,4541,3070,2659,2668,2201,2225,2165,1284,2454,3448,2833,1888,589,677,385,27772
"3604008","79500US3604008","NYC-Brooklyn Community District 5--East New York & Starrett City PUMA, New York","NYC-Brooklyn Community District 5--East New York & Starrett City PUMA, New York","ny","795","00","ACSSF","0000441",,,,,"36",,,,,,,,,,,,,,,,,,,,,,,,,,,,,,,,,,,,,,"04008",,51081,10176,3616,3680,2864,2755,2970,2732,2867,2495,3544,4681,3696,2390,1143,942,530,33700
"3604009","79500US3604009","NYC-Brooklyn Community District 18--Canarsie & Flatlands PUMA, New York","NYC-Brooklyn Community District 18--Canarsie & Flatlands PUMA, New York","ny","795","00","ACSSF","0000442",,,,,"36",,,,,,,,,,,,,,,,,,,,,,,,,,,,,,,,,,,,,,"04009",,66367,4702,2479,2657,3109,2803,2827,2941,2909,2270,4640,7144,9989,6480,4360,4286,2771,63106
"3604010","79500US3604010","NYC-Brooklyn Community District 17--East Flatbush, Farragut & Rugby PUMA; New York","NYC-Brooklyn Community District 17--East Flatbush, New York","ny","795","00","ACSSF","0000443",,,,,"36",,,,,,,,,,,,,,,,,,,,,,,,,,,,,,,,,,,,,,"04010",,46768,4764,2936,2518,2617,2439,2613,2294,2764,2042,4148,5099,5966,3006,1728,1271,563,45954
"3604011","79500US3604011","NYC-Brooklyn Community District 9--Crown Heights South, Prospect Lefferts & Wingate PUMA; New York","NYC-Brooklyn Community District 9--Crown Heights South, New York","ny","795","00","ACSSF","0000444",,,,,"36",,,,,,,,,,,,,,,,,,,,,,,,,,,,,,,,,,,,,,"04011",,40043,4804,2862,2645,2429,2365,2205,2106,2250,1631,3148,4328,3903,2161,1416,945,845,41095
"3604012","79500US3604012","NYC-Brooklyn Community District 7--Sunset Park & Windsor Terrace PUMA, New York","NYC-Brooklyn Community District 7--Sunset Park & Windsor Terrace PUMA, New York","ny","795","00","ACSSF","0000445",,,,,"36",,,,,,,,,,,,,,,,,,,,,,,,,,,,,,,,,,,,,,"04012",,46196,4272,3635,3165,2634,3038,2373,2343,2427,1635,3100,4057,4656,3832,1514,1731,1784,43351
"3604013","79500US3604013","NYC-Brooklyn Community District 10--Bay Ridge & Dyker Heights PUMA, New York","NYC-Brooklyn Community District 10--Bay Ridge & Dyker Heights PUMA, New York","ny","795","00","ACSSF","0000446",,,,,"36",,,,,,,,,,,,,,,,,,,,,,,,,,,,,,,,,,,,,,"04013",,49563,3279,2685,2823,2770,2332,2173,2013,2132,1688,4032,4761,5834,4068,2805,3273,2895,57006
"3604014","79500US3604014","NYC-Brooklyn Community District 12--Borough Park, Kensington & Ocean Parkway PUMA; New York","NYC-Brooklyn Community District 12--Borough Park, New York","ny","795","00","ACSSF","0000447",,,,,"36",,,,,,,,,,,,,,,,,,,,,,,,,,,,,,,,,,,,,,"04014",,46080,4354,4134,3762,3966,2880,2583,1875,2121,1545,3157,4007,3931,2771,1627,1992,1375,38215
"3604015","79500US3604015","NYC-Brooklyn Community District 14--Flatbush & Midwood PUMA, New York","NYC-Brooklyn Community District 14--Flatbush & Midwood PUMA, New York","ny","795","00","ACSSF","0000448",,,,,"36",,,,,,,,,,,,,,,,,,,,,,,,,,,,,,,,,,,,,,"04015",,55887,6580,4105,3287,3095,3339,3552,3036,2466,2011,4207,5540,5222,3377,2038,2080,1952,41681
"3604016","79500US3604016","NYC-Brooklyn Community District 15--Sheepshead Bay, Gerritsen Beach & Homecrest PUMA; New York","NYC-Brooklyn Community District 15--Sheepshead Bay, New York","ny","795","00","ACSSF","0000449",,,,,"36",,,,,,,,,,,,,,,,,,,,,,,,,,,,,,,,,,,,,,"04016",,56561,5901,3935,3073,3476,2300,3096,2342,2447,1923,4008,5233,5884,5021,2935,2343,2644,49392
"3604017","79500US3604017","NYC-Brooklyn Community District 11--Bensonhurst & Bath Beach PUMA, New York","NYC-Brooklyn Community District 11--Bensonhurst & Bath Beach PUMA, New York","ny","795","00","ACSSF","0000450",,,,,"36",,,,,,,,,,,,,,,,,,,,,,,,,,,,,,,,,,,,,,"04017",,62922,5426,4521,3964,3564,3067,2940,3218,3432,1957,5192,6704,6936,4386,2879,2873,1863,48252
"3604018","79500US3604018","NYC-Brooklyn Community District 13--Brighton Beach & Coney Island PUMA, New York","NYC-Brooklyn Community District 13--Brighton Beach & Coney Island PUMA, New York","ny","795","00","ACSSF","0000451",,,,,"36",,,,,,,,,,,,,,,,,,,,,,,,,,,,,,,,,,,,,,"04018",,44264,9065,4660,3027,3026,2290,1697,1763,1886,1029,2626,3709,3095,2074,1551,1586,1180,30159
"3604101","79500US3604101","NYC-Queens Community District 1--Astoria & Long Island City PUMA, New York","NYC-Queens Community District 1--Astoria & Long Island City PUMA, New York","ny","795","00","ACSSF","0000452",,,,,"36",,,,,,,,,,,,,,,,,,,,,,,,,,,,,,,,,,,,,,"04101",,73067,7074,4391,4102,3990,3214,3468,3127,3283,3395,5627,6921,8517,6076,3829,3765,2288,50716
"3604102","79500US3604102","NYC-Queens Community District 3--Jackson Heights & North Corona PUMA, New York","NYC-Queens Community District 3--Jackson Heights & North Corona PUMA, New York","ny","795","00","ACSSF","0000453",,,,,"36",,,,,,,,,,,,,,,,,,,,,,,,,,,,,,,,,,,,,,"04102",,56575,3928,2757,4263,3973,3071,4031,2562,2546,2514,4757,5497,7049,4399,1987,2075,1166,47555
"3604103","79500US3604103","NYC-Queens Community District 7--Flushing, Murray Hill & Whitestone PUMA; New York","NYC-Queens Community District 7--Flushing, New York","ny","795","00","ACSSF","0000454",,,,,"36",,,,,,,,,,,,,,,,,,,,,,,,,,,,,,,,,,,,,,"04103",,87060,7200,4092,5034,5303,5101,4367,3488,4212,3577,6679,8820,10000,6928,3821,4062,4376,51251
"3604104","79500US3604104","NYC-Queens Community District 11--Bayside, Douglaston & Little Neck PUMA; New York","NYC-Queens Community District 11--Bayside, New York","ny","795","00","ACSSF","0000455",,,,,"36",,,,,,,,,,,,,,,,,,,,,,,,,,,,,,,,,,,,,,"04104",,43582,1829,1658,1803,1701,1780,1732,1181,1582,1293,3087,4153,6547,5238,2822,3828,3348,74960
"3604105","79500US3604105","NYC-Queens Community District 13--Queens Village, Cambria Heights & Rosedale PUMA; New York","NYC-Queens Community District 13--Queens Village, New York","ny","795","00","ACSSF","0000456",,,,,"36",,,,,,,,,,,,,,,,,,,,,,,,,,,,,,,,,,,,,,"04105",,59982,2297,2046,1954,1928,2145,1960,1959,2336,2459,4237,6259,9362,7477,5394,5228,2941,76002
"3604106","79500US3604106","NYC-Queens Community District 8--Briarwood, Fresh Meadows & Hillcrest PUMA; New York","NYC-Queens Community District 8--Briarwood, New York","ny","795","00","ACSSF","0000457",,,,,"36",,,,,,,,,,,,,,,,,,,,,,,,,,,,,,,,,,,,,,"04106",,53481,3989,2422,2436,3361,2203,2316,2358,2132,1943,3840,5680,6902,5028,2825,3834,2212,59124
"3604107","79500US3604107","NYC-Queens Community District 4--Elmhurst & South Corona PUMA, New York","NYC-Queens Community District 4--Elmhurst & South Corona PUMA, New York","ny","795","00","ACSSF","0000458",,,,,"36",,,,,,,,,,,,,,,,,,,,,,,,,,,,,,,,,,,,,,"04107",,43991,3960,2627,2428,3066,2717,1986,2497,2354,2332,4030,4526,4695,3290,1194,1345,944,45661
"3604108","79500US3604108","NYC-Queens Community District 6--Forest Hills & Rego Park PUMA, New York","NYC-Queens Community District 6--Forest Hills & Rego Park PUMA, New York","ny","795","00","ACSSF","0000459",,,,,"36",,,,,,,,,,,,,,,,,,,,,,,,,,,,,,,,,,,,,,"04108",,52420,3467,2179,2226,2243,2001,1953,2132,2371,1968,3971,5169,6822,5216,3804,3938,2960,64372
"3604109","79500US3604109","NYC-Queens Community District 2--Sunnyside & Woodside PUMA, New York","NYC-Queens Community District 2--Sunnyside & Woodside PUMA, New York","ny","795","00","ACSSF","0000460",,,,,"36",,,,,,,,,,,,,,,,,,,,,,,,,,,,,,,,,,,,,,"04109",,51635,3452,2469,2887,2906,2771,2290,2707,2612,2098,3527,5666,5645,4522,2848,2480,2755,54136
"3604110","79500US3604110","NYC-Queens Community District 5--Ridgewood, Glendale & Middle Village PUMA; New York","NYC-Queens Community District 5--Ridgewood, New York","ny","795","00","ACSSF","0000461",,,,,"36",,,,,,,,,,,,,,,,,,,,,,,,,,,,,,,,,,,,,,"04110",,61909,5393,2968,3500,3557,2952,2590,2702,2541,2259,4363,6577,8519,5818,3224,2953,1993,54924
"3604111","79500US3604111","NYC-Queens Community District 9--Richmond Hill & Woodhaven PUMA, New York","NYC-Queens Community District 9--Richmond Hill & Woodhaven PUMA, New York","ny","795","00","ACSSF","0000462",,,,,"36",,,,,,,,,,,,,,,,,,,,,,,,,,,,,,,,,,,,,,"04111",,45632,2772,2149,1993,2566,2053,2321,2043,2200,1244,3938,4917,6439,3894,2564,2697,1842,58578
"3604112","79500US3604112","NYC-Queens Community District 12--Jamaica, Hollis & St. Albans PUMA; New York","NYC-Queens Community District 12--Jamaica, New York","ny","795","00","ACSSF","0000463",,,,,"36",,,,,,,,,,,,,,,,,,,,,,,,,,,,,,,,,,,,,,"04112",,70625,5493,3154,4056,3872,3854,3625,4079,3339,2925,6415,6654,8960,6136,3221,3346,1496,51251
"3604113","79500US3604113","NYC-Queens Community District 10--Howard Beach & Ozone Park PUMA, New York","NYC-Queens Community District 10--Howard Beach & Ozone Park PUMA, New York","ny","795","00","ACSSF","0000464",,,,,"36",,,,,,,,,,,,,,,,,,,,,,,,,,,,,,,,,,,,,,"04113",,39006,2217,1784,1773,1705,1649,1818,1687,1835,1683,3003,4299,5394,3483,2160,2418,2098,60828
"3604114","79500US3604114","NYC-Queens Community District 14--Far Rockaway, Breezy Point & Broad Channel PUMA; New York","NYC-Queens Community District 14--Far Rockaway, New York","ny","795","00","ACSSF","0000465",,,,,"36",,,,,,,,,,,,,,,,,,,,,,,,,,,,,,,,,,,,,,"04114",,38795,5351,2275,1781,2270,1892,1790,1745,1649,1541,2244,3288,4893,3153,1591,1894,1438,46944
