URL,NAME,LINE
http://www.mta.info/nyct/subway/index.html,W 4th St - Washington Sq (Lower),B-D-F-M
http://www.mta.info/nyct/subway/index.html,Buhre Ave,6-6 Express
http://www.mta.info/nyct/subway/index.html,51st St,4-6-6 Express
http://www.mta.info/nyct/subway/index.html,86th St,1-2
http://www.mta.info/nyct/subway/index.html,Brooklyn Bridge - City Hall,4-5-6-6 Express
http://www.mta.info/nyct/subway/index.html,33rd St,4-6-6 Express
http://www.mta.info/nyct/subway/index.html,Lexington Ave - 59th St,4-5-6-6 Express
http://www.mta.info/nyct/subway/index.html,233rd St,2-5
http://www.mta.info/nyct/subway/index.html,66th St - Lincoln Ctr,1-2
http://www.mta.info/nyct/subway/index.html,Hunts Point Ave,6-6 Express
http://www.mta.info/nyct/subway/index.html,Canal St,1-2
http://www.mta.info/nyct/subway/index.html,Middletown Rd,6-6 Express
http://www.mta.info/nyct/subway/index.html,23rd St,4-6-6 Express
http://www.mta.info/nyct/subway/index.html,45th Rd - Court House Sq,7-7 Express
http://www.mta.info/nyct/subway/index.html,Astor Pl,4-6-6 Express
http://www.mta.info/nyct/subway/index.html,59th St - Columbus Circle,1-2
http://www.mta.info/nyct/subway/index.html,Hunters Point Ave,7-7 Express
http://www.mta.info/nyct/subway/index.html,96th St,4-6-6 Express
http://www.mta.info/nyct/subway/index.html,Mets - Willets Point,7-7 Express
http://www.mta.info/nyct/subway/index.html,23rd St,1-2
http://www.mta.info/nyct/subway/index.html,Houston St,1-2
http://www.mta.info/nyct/subway/index.html,3rd Ave - 138th St,6-6 Express
http://www.mta.info/nyct/subway/index.html,Zerega Ave,6-6 Express
http://www.mta.info/nyct/subway/index.html,104th St,A-S
http://www.mta.info/nyct/subway/index.html,Bleecker St (Downtown),4-6-6 Express
http://www.mta.info/nyct/subway/index.html,Castle Hill Ave,6-6 Express
http://www.mta.info/nyct/subway/index.html,Broad Channel,A-S
http://www.mta.info/nyct/subway/index.html,Ocean Pkwy,Q
http://www.mta.info/nyct/subway/index.html,50th St,1-2
http://www.mta.info/nyct/subway/index.html,Vernon Blvd - Jackson Ave,7-7 Express
http://www.mta.info/nyct/subway/index.html,68th St - Hunter College,4-6-6 Express
http://www.mta.info/nyct/subway/index.html,Queensboro Plz,7-7 Express-N-W
http://www.mta.info/nyct/subway/index.html,Rockaway Blvd,A-S
http://www.mta.info/nyct/subway/index.html,Union Sq - 14th St,4-5-6-6 Express
http://www.mta.info/nyct/subway/index.html,Junction Blvd,7-7 Express
http://www.mta.info/nyct/subway/index.html,Classon Ave,G
http://www.mta.info/nyct/subway/index.html,Bedford - Nostrand Aves,G
http://www.mta.info/nyct/subway/index.html,15th St - Prospect Park,F-G
http://www.mta.info/nyct/subway/index.html,7th Ave,F-G
http://www.mta.info/nyct/subway/index.html,Ft Hamilton Pkwy,F-G
http://www.mta.info/nyct/subway/index.html,Church Ave,F-G
http://www.mta.info/nyct/subway/index.html,Beverly Rd,B-Q
http://www.mta.info/nyct/subway/index.html,Church Ave,B-Q
http://www.mta.info/nyct/subway/index.html,Newkirk Ave,B-Q
http://www.mta.info/nyct/subway/index.html,Parkside Ave,B-Q
http://www.mta.info/nyct/subway/index.html,Prospect Park,B-Q-S
http://www.mta.info/nyct/subway/index.html,Grand Army Plaza,2-3-4
http://www.mta.info/nyct/subway/index.html,Bergen St,2-3-4
http://www.mta.info/nyct/subway/index.html,Atlantic Ave,2-3-4-5
http://www.mta.info/nyct/subway/index.html,Rockaway Ave,A-C
http://www.mta.info/nyct/subway/index.html,Fulton St,G
http://www.mta.info/nyct/subway/index.html,Clinton - Washington Aves,G
http://www.mta.info/nyct/subway/index.html,7th Ave,B-Q
http://www.mta.info/nyct/subway/index.html,Atlantic Ave,B-Q
http://www.mta.info/nyct/subway/index.html,Union St,D-N-R
http://www.mta.info/nyct/subway/index.html,Atlantic Av - Pacific St,D-N-R
http://www.mta.info/nyct/subway/index.html,Borough Hall,4-5
http://www.mta.info/nyct/subway/index.html,Aqueduct Racetrack (To Manh Only),A
http://www.mta.info/nyct/subway/index.html,DeKalb Ave,B-D-N-Q-R
http://www.mta.info/nyct/subway/index.html,Morris Park,5
http://www.mta.info/nyct/subway/index.html,Pelham Pkwy,5
http://www.mta.info/nyct/subway/index.html,Nostrand Ave,A-C
http://www.mta.info/nyct/subway/index.html,Nevins St,2-3-4-5
http://www.mta.info/nyct/subway/index.html,Eastern Pkwy - Bklyn Museum,2-3-4
http://www.mta.info/nyct/subway/index.html,Franklin Ave,2-3-4-5
http://www.mta.info/nyct/subway/index.html,Beverly Rd,2-5
http://www.mta.info/nyct/subway/index.html,Church Ave,2-5
http://www.mta.info/nyct/subway/index.html,Newkirk Ave,2-5
http://www.mta.info/nyct/subway/index.html,Brooklyn College - Flatbush Ave,2-5
http://www.mta.info/nyct/subway/index.html,Winthrop St,2-5
http://www.mta.info/nyct/subway/index.html,Sterling St,2-5
http://www.mta.info/nyct/subway/index.html,Crown Hts - Utica Ave,3-4
http://www.mta.info/nyct/subway/index.html,Kingston Ave,3-4
http://www.mta.info/nyct/subway/index.html,Kingston - Throop Aves,A-C
http://www.mta.info/nyct/subway/index.html,Nassau Ave,G
http://www.mta.info/nyct/subway/index.html,Greenpoint Ave,G
http://www.mta.info/nyct/subway/index.html,Marcy Ave,J-M-Z
http://www.mta.info/nyct/subway/index.html,Hewes St,J-M
http://www.mta.info/nyct/subway/index.html,Essex St,J-M-Z
http://www.mta.info/nyct/subway/index.html,138th St - Grand Concourse,4-5
http://www.mta.info/nyct/subway/index.html,5th Ave - 53rd St,E-M
http://www.mta.info/nyct/subway/index.html,Lexington Ave - 53rd St,E-M
http://www.mta.info/nyct/subway/index.html,28th St,N-R
http://www.mta.info/nyct/subway/index.html,Herald Sq - 34th St,N-Q-R
http://www.mta.info/nyct/subway/index.html,1st Ave,L
http://www.mta.info/nyct/subway/index.html,Grand Central - 42nd St,S
http://www.mta.info/nyct/subway/index.html,Times Sq - 42nd St,S
http://www.mta.info/nyct/subway/index.html,42nd St - Bryant Pk,B-D-F-M
http://www.mta.info/nyct/subway/index.html,Times Sq - 42nd St,N-Q-R
http://www.mta.info/nyct/subway/index.html,Metropolitan Ave,G
http://www.mta.info/nyct/subway/index.html,Grand St,L
http://www.mta.info/nyct/subway/index.html,Graham Ave,L
http://www.mta.info/nyct/subway/index.html,Lorimer St,L
http://www.mta.info/nyct/subway/index.html,Bedford Ave,L
http://www.mta.info/nyct/subway/index.html,Broadway,G
http://www.mta.info/nyct/subway/index.html,Lorimer St,J-M
http://www.mta.info/nyct/subway/index.html,Montrose Ave,L
http://www.mta.info/nyct/subway/index.html,23rd St - Ely Av,E-M
http://www.mta.info/nyct/subway/index.html,Long Island City - Court Sq,G
http://www.mta.info/nyct/subway/index.html,21st St,G
http://www.mta.info/nyct/subway/index.html,39th Ave,N-Q
http://www.mta.info/nyct/subway/index.html,36th Ave,N-Q
http://www.mta.info/nyct/subway/index.html,145th St,1
http://www.mta.info/nyct/subway/index.html,157th St,1
http://www.mta.info/nyct/subway/index.html,96th St,1-2-3
http://www.mta.info/nyct/subway/index.html,103rd St,1
http://www.mta.info/nyct/subway/index.html,Central Park North (110th St),2-3
http://www.mta.info/nyct/subway/index.html,103rd St,A-B-C
http://www.mta.info/nyct/subway/index.html,Cathedral Pkwy (110th St),A-B-C
http://www.mta.info/nyct/subway/index.html,72nd St,1-2-3
http://www.mta.info/nyct/subway/index.html,72nd St,A-B-C
http://www.mta.info/nyct/subway/index.html,81st St,A-B-C
http://www.mta.info/nyct/subway/index.html,75th Ave,E-F
http://www.mta.info/nyct/subway/index.html,Kew Gardens - Union Tpke,E-F
http://www.mta.info/nyct/subway/index.html,86th St,A-B-C
http://www.mta.info/nyct/subway/index.html,96th St,A-B-C
http://www.mta.info/nyct/subway/index.html,Cathedral Pkwy (110th St),1
http://www.mta.info/nyct/subway/index.html,116th St - Columbia University,1
http://www.mta.info/nyct/subway/index.html,125th St,2-3
http://www.mta.info/nyct/subway/index.html,135th St,2-3
http://www.mta.info/nyct/subway/index.html,149th St - Grand Concourse,4
http://www.mta.info/nyct/subway/index.html,116th St,2-3
http://www.mta.info/nyct/subway/index.html,Tremont Ave,B-D
http://www.mta.info/nyct/subway/index.html,182nd-183rd Sts,B-D
http://www.mta.info/nyct/subway/index.html,137th St - City College,1
http://www.mta.info/nyct/subway/index.html,145th St,3
http://www.mta.info/nyct/subway/index.html,176th St,4
http://www.mta.info/nyct/subway/index.html,Burnside Ave,4
http://www.mta.info/nyct/subway/index.html,170th St,B-D
http://www.mta.info/nyct/subway/index.html,174th-175th Sts,B-D
http://www.mta.info/nyct/subway/index.html,168th St,1
http://www.mta.info/nyct/subway/index.html,181st St,1
http://www.mta.info/nyct/subway/index.html,168th St,A-C
http://www.mta.info/nyct/subway/index.html,191st St,1
http://www.mta.info/nyct/subway/index.html,175th St,A
http://www.mta.info/nyct/subway/index.html,Beach 44th St,A
http://www.mta.info/nyct/subway/index.html,Beach 60th St,A
http://www.mta.info/nyct/subway/index.html,Beach 105th St,A-S
http://www.mta.info/nyct/subway/index.html,Beach 98th St,A-S
http://www.mta.info/nyct/subway/index.html,Rockaway Park - Beach 116 St,A-S
http://www.mta.info/nyct/subway/index.html,Beach 90th St,A-S
http://www.mta.info/nyct/subway/index.html,Beach 36th St,A
http://www.mta.info/nyct/subway/index.html,Beach 25th St,A
http://www.mta.info/nyct/subway/index.html,Parsons Blvd,F
http://www.mta.info/nyct/subway/index.html,169th St,F
http://www.mta.info/nyct/subway/index.html,103rd St - Corona Plaza,7
http://www.mta.info/nyct/subway/index.html,111th St,7
http://www.mta.info/nyct/subway/index.html,63rd Dr - Rego Park,E-M-R
http://www.mta.info/nyct/subway/index.html,Grant Ave,A-S
http://www.mta.info/nyct/subway/index.html,79th St,1-2
http://www.mta.info/nyct/subway/index.html,Atlantic Ave,L
http://www.mta.info/nyct/subway/index.html,Christopher St - Sheridan Sq,1-2
http://www.mta.info/nyct/subway/index.html,E 149th St,6
http://www.mta.info/nyct/subway/index.html,Ozone Park - Lefferts Blvd,A-S
http://www.mta.info/nyct/subway/index.html,Times Sq - 42nd St,7-7 Express
http://www.mta.info/nyct/subway/index.html,77th St,4-6-6 Express
http://www.mta.info/nyct/subway/index.html,Woodside - 61st St,7-7 Express
http://www.mta.info/nyct/subway/index.html,111th St,A-S
http://www.mta.info/nyct/subway/index.html,Flushing - Main St,7-7 Express
http://www.mta.info/nyct/subway/index.html,W 8th St - NY Aquarium,F-Q
http://www.mta.info/nyct/subway/index.html,28th St,1-2
http://www.mta.info/nyct/subway/index.html,28th St,4-6-6 Express
http://www.mta.info/nyct/subway/index.html,Pelham Bay Park,6-6 Express
http://www.mta.info/nyct/subway/index.html,Westchester Sq - E Tremont Ave,6-6 Express
http://www.mta.info/nyct/subway/index.html,18th St,1-2
http://www.mta.info/nyct/subway/index.html,Grand Central - 42nd St,4-5-6-6 Express
http://www.mta.info/nyct/subway/index.html,Grand Central - 42nd St,7-7 Express
http://www.mta.info/nyct/subway/index.html,Canal St,4-6-6 Express
http://www.mta.info/nyct/subway/index.html,Beach 67th St,A
http://www.mta.info/nyct/subway/index.html,W 4th St - Washington Sq (Upper),A-C-E
http://www.mta.info/nyct/subway/index.html,67th Ave,E-M-R
http://www.mta.info/nyct/subway/index.html,85th St - Forest Pky,J
http://www.mta.info/nyct/subway/index.html,Woodhaven Blvd,J-Z
http://www.mta.info/nyct/subway/index.html,111th St,J
http://www.mta.info/nyct/subway/index.html,121st St,J-Z
http://www.mta.info/nyct/subway/index.html,Sutphin Blvd - Archer Av,E-J-Z
http://www.mta.info/nyct/subway/index.html,Halsey St,L
http://www.mta.info/nyct/subway/index.html,Myrtle Ave,L
http://www.mta.info/nyct/subway/index.html,New Lots Ave,3-4
http://www.mta.info/nyct/subway/index.html,Van Siclen Ave,3-4
http://www.mta.info/nyct/subway/index.html,Pennsylvania Ave,3-4
http://www.mta.info/nyct/subway/index.html,Van Siclen Ave,A-C
http://www.mta.info/nyct/subway/index.html,Van Siclen Ave,J-Z
http://www.mta.info/nyct/subway/index.html,Cleveland St,J
http://www.mta.info/nyct/subway/index.html,Livonia Ave,L
http://www.mta.info/nyct/subway/index.html,Sutter Ave,L
http://www.mta.info/nyct/subway/index.html,Junius St,3-4
http://www.mta.info/nyct/subway/index.html,Rockaway Ave,3-4
http://www.mta.info/nyct/subway/index.html,Canarsie - Rockaway Pkwy,L
http://www.mta.info/nyct/subway/index.html,E 105th St,L
http://www.mta.info/nyct/subway/index.html,Saratoga Ave,3-4
http://www.mta.info/nyct/subway/index.html,Sutter Ave - Rutland Road,3-4
http://www.mta.info/nyct/subway/index.html,New Lots Ave,L
http://www.mta.info/nyct/subway/index.html,Far Rockaway - Mott Ave,A
http://www.mta.info/nyct/subway/index.html,Chauncey St,J-Z
http://www.mta.info/nyct/subway/index.html,Broadway Junction,J-Z
http://www.mta.info/nyct/subway/index.html,Halsey St,J
http://www.mta.info/nyct/subway/index.html,Alabama Ave,J
http://www.mta.info/nyct/subway/index.html,Shepherd Ave,A-C
http://www.mta.info/nyct/subway/index.html,Norwood Ave,J-Z
http://www.mta.info/nyct/subway/index.html,Crescent St,J-Z
http://www.mta.info/nyct/subway/index.html,Cypress Hills,J
http://www.mta.info/nyct/subway/index.html,75th St - Eldert Ln,J-Z
http://www.mta.info/nyct/subway/index.html,69th St,7
http://www.mta.info/nyct/subway/index.html,74th St - Broadway,7
http://www.mta.info/nyct/subway/index.html,65th St,E-M-R
http://www.mta.info/nyct/subway/index.html,Woodhaven Blvd - Queens Mall,E-M-R
http://www.mta.info/nyct/subway/index.html,Wyckoff Ave,M
http://www.mta.info/nyct/subway/index.html,Seneca Ave,M
http://www.mta.info/nyct/subway/index.html,DeKalb Ave,L
http://www.mta.info/nyct/subway/index.html,52nd St,7
http://www.mta.info/nyct/subway/index.html,46th St,E-M-R
http://www.mta.info/nyct/subway/index.html,Northern Blvd,E-M-R
http://www.mta.info/nyct/subway/index.html,46th St,7
http://www.mta.info/nyct/subway/index.html,82nd St - Jackson Hts,7
http://www.mta.info/nyct/subway/index.html,90th St - Elmhurst Av,7
http://www.mta.info/nyct/subway/index.html,Grand Ave - Newtown,E-M-R
http://www.mta.info/nyct/subway/index.html,Elmhurst Ave,E-M-R
http://www.mta.info/nyct/subway/index.html,Howard Beach - JFK Airport,A
http://www.mta.info/nyct/subway/index.html,Aqueduct - North Conduit Av,A
http://www.mta.info/nyct/subway/index.html,104th-102nd Sts,J-Z
http://www.mta.info/nyct/subway/index.html,Briarwood - Van Wyck Blvd,E-F
http://www.mta.info/nyct/subway/index.html,Forest Hills - 71st Av,E-F-M-R
http://www.mta.info/nyct/subway/index.html,Sutphin Blvd,F
http://www.mta.info/nyct/subway/index.html,Jamaica - Van Wyck,E
http://www.mta.info/nyct/subway/index.html,Jamaica Ctr - Parsons / Archer,E-J-Z
http://www.mta.info/nyct/subway/index.html,Simpson St,2-5
http://www.mta.info/nyct/subway/index.html,Freeman St,2-5
http://www.mta.info/nyct/subway/index.html,225th St,2-5
http://www.mta.info/nyct/subway/index.html,Elder Ave,6
http://www.mta.info/nyct/subway/index.html,Morrison Av - Soundview,6
http://www.mta.info/nyct/subway/index.html,Longwood Ave,6
http://www.mta.info/nyct/subway/index.html,Astoria Blvd,N-Q
http://www.mta.info/nyct/subway/index.html,Astoria - Ditmars Blvd,N-Q
http://www.mta.info/nyct/subway/index.html,Jackson Ave,2-5
http://www.mta.info/nyct/subway/index.html,Prospect Ave,2-5
http://www.mta.info/nyct/subway/index.html,Cypress Ave,6
http://www.mta.info/nyct/subway/index.html,Whitlock Ave,6
http://www.mta.info/nyct/subway/index.html,Intervale Ave,2-5
http://www.mta.info/nyct/subway/index.html,174th St,2-5
http://www.mta.info/nyct/subway/index.html,Pelham Pkwy,2-5
http://www.mta.info/nyct/subway/index.html,Allerton Ave,2-5
http://www.mta.info/nyct/subway/index.html,E 143rd St - St Mary's St,6
http://www.mta.info/nyct/subway/index.html,Kingsbridge Rd,4
http://www.mta.info/nyct/subway/index.html,Bedford Park Blvd - Lehman College,4
http://www.mta.info/nyct/subway/index.html,Harlem - 148 St,3
http://www.mta.info/nyct/subway/index.html,Mt Eden Ave,4
http://www.mta.info/nyct/subway/index.html,Fordham Rd,B-D
http://www.mta.info/nyct/subway/index.html,170th St,4
http://www.mta.info/nyct/subway/index.html,Kingsbridge Rd,B-D
http://www.mta.info/nyct/subway/index.html,Bedford Park Blvd,B-D
http://www.mta.info/nyct/subway/index.html,Marble Hill - 225th St,1
http://www.mta.info/nyct/subway/index.html,231st St,1
http://www.mta.info/nyct/subway/index.html,215th St,1
http://www.mta.info/nyct/subway/index.html,207th St,1
http://www.mta.info/nyct/subway/index.html,Inwood - 207th St,A
http://www.mta.info/nyct/subway/index.html,238th St,1
http://www.mta.info/nyct/subway/index.html,Van Cortlandt Park - 242nd St,1
http://www.mta.info/nyct/subway/index.html,West Farms Sq - E Tremont Av,2-5
http://www.mta.info/nyct/subway/index.html,St Lawrence Ave,6
http://www.mta.info/nyct/subway/index.html,Bronx Park East,2-5
http://www.mta.info/nyct/subway/index.html,Gun Hill Rd,2-5
http://www.mta.info/nyct/subway/index.html,219th St,2-5
http://www.mta.info/nyct/subway/index.html,Mosholu Pkwy,4
http://www.mta.info/nyct/subway/index.html,Norwood - 205th St,D
http://www.mta.info/nyct/subway/index.html,Burke Ave,2-5
http://www.mta.info/nyct/subway/index.html,Baychester Ave,5
http://www.mta.info/nyct/subway/index.html,Eastchester - Dyre Ave,5
http://www.mta.info/nyct/subway/index.html,Jamaica - 179th St,F
http://www.mta.info/nyct/subway/index.html,Wakefield - 241st St,2
http://www.mta.info/nyct/subway/index.html,Botanic Garden,S
http://www.mta.info/nyct/subway/index.html,Bushwick - Aberdeen,L
http://www.mta.info/nyct/subway/index.html,Wilson Ave,L
http://www.mta.info/nyct/subway/index.html,Broadway Junction,L
http://www.mta.info/nyct/subway/index.html,Gun Hill Rd,5
http://www.mta.info/nyct/subway/index.html,E 180th St,2-5
http://www.mta.info/nyct/subway/index.html,Dyckman St,1
http://www.mta.info/nyct/subway/index.html,125th St,1
http://www.mta.info/nyct/subway/index.html,Park Pl,S
http://www.mta.info/nyct/subway/index.html,Franklin Ave - Fulton St,S
http://www.mta.info/nyct/subway/index.html,Nereid Ave (238 St),2-5
http://www.mta.info/nyct/subway/index.html,149th St - Grand Concourse,2-5
http://www.mta.info/nyct/subway/index.html,3rd Ave - 149th St,2-5
http://www.mta.info/nyct/subway/index.html,161st St - Yankee Stadium,4
http://www.mta.info/nyct/subway/index.html,167th St,4
http://www.mta.info/nyct/subway/index.html,Brook Ave,6
http://www.mta.info/nyct/subway/index.html,33rd St,7
http://www.mta.info/nyct/subway/index.html,40th St,7
http://www.mta.info/nyct/subway/index.html,145th St,A-B-C-D
http://www.mta.info/nyct/subway/index.html,155th St,B-D
http://www.mta.info/nyct/subway/index.html,161st St - Yankee Stadium,B-D
http://www.mta.info/nyct/subway/index.html,167th St,B-D
http://www.mta.info/nyct/subway/index.html,Ralph Ave,A-C
http://www.mta.info/nyct/subway/index.html,Utica Ave,A-C
http://www.mta.info/nyct/subway/index.html,36th St,E-M-R
http://www.mta.info/nyct/subway/index.html,Steinway St,E-M-R
http://www.mta.info/nyct/subway/index.html,Kosciuszko St,J
http://www.mta.info/nyct/subway/index.html,Gates Ave,J-Z
http://www.mta.info/nyct/subway/index.html,Central Ave,M
http://www.mta.info/nyct/subway/index.html,Knickerbocker Ave,M
http://www.mta.info/nyct/subway/index.html,Broadway,N-Q
http://www.mta.info/nyct/subway/index.html,30th Ave,N-Q
http://www.mta.info/nyct/subway/index.html,Jefferson St,L
http://www.mta.info/nyct/subway/index.html,Morgan Ave,L
http://www.mta.info/nyct/subway/index.html,Queens Plz,E-M-R
http://www.mta.info/nyct/subway/index.html,18th Ave,F
http://www.mta.info/nyct/subway/index.html,Ditmas Ave,F
http://www.mta.info/nyct/subway/index.html,77th St,R
http://www.mta.info/nyct/subway/index.html,Bay Ridge Ave,R
http://www.mta.info/nyct/subway/index.html,55th St,D
http://www.mta.info/nyct/subway/index.html,50th St,D
http://www.mta.info/nyct/subway/index.html,Ft Hamilton Pkwy,N
http://www.mta.info/nyct/subway/index.html,8th Ave,N
http://www.mta.info/nyct/subway/index.html,25th Ave,D
http://www.mta.info/nyct/subway/index.html,Bay Pky,D
http://www.mta.info/nyct/subway/index.html,20th Ave,N
http://www.mta.info/nyct/subway/index.html,18th Ave,N
http://www.mta.info/nyct/subway/index.html,Bay Ridge - 95th St,R
http://www.mta.info/nyct/subway/index.html,86th St,R
http://www.mta.info/nyct/subway/index.html,79th St,D
http://www.mta.info/nyct/subway/index.html,71st St,D
http://www.mta.info/nyct/subway/index.html,20th Ave,D
http://www.mta.info/nyct/subway/index.html,18th Ave,D
http://www.mta.info/nyct/subway/index.html,62nd St,D
http://www.mta.info/nyct/subway/index.html,New Utrecht Ave,N
http://www.mta.info/nyct/subway/index.html,Ave U,F
http://www.mta.info/nyct/subway/index.html,Kings Hwy,F
http://www.mta.info/nyct/subway/index.html,Brighton Beach,B-Q
http://www.mta.info/nyct/subway/index.html,Sheepshead Bay,B-Q
http://www.mta.info/nyct/subway/index.html,Ave U,B-Q
http://www.mta.info/nyct/subway/index.html,Kings Hwy,B-Q
http://www.mta.info/nyct/subway/index.html,Ave U,N
http://www.mta.info/nyct/subway/index.html,Kings Hwy,N
http://www.mta.info/nyct/subway/index.html,Neptune Ave,F
http://www.mta.info/nyct/subway/index.html,Ave X,F
http://www.mta.info/nyct/subway/index.html,Bay 50th St,D
http://www.mta.info/nyct/subway/index.html,Gravesend - 86th St,N
http://www.mta.info/nyct/subway/index.html,Ave P,F
http://www.mta.info/nyct/subway/index.html,Ave N,F
http://www.mta.info/nyct/subway/index.html,Bay Pky,F
http://www.mta.info/nyct/subway/index.html,Ave M,B-Q
http://www.mta.info/nyct/subway/index.html,Bay Pky,N
http://www.mta.info/nyct/subway/index.html,Ave I,F
http://www.mta.info/nyct/subway/index.html,Ave J,B-Q
http://www.mta.info/nyct/subway/index.html,Ave H,B-Q
http://www.mta.info/nyct/subway/index.html,Neck Rd,B-Q
http://www.mta.info/nyct/subway/index.html,21st St - Queensbridge,F
http://www.mta.info/nyct/subway/index.html,50th St,A-C-E
http://www.mta.info/nyct/subway/index.html,7th Ave,B-D-E
http://www.mta.info/nyct/subway/index.html,47th-50th Sts - Rockefeller Ctr,B-D-F-M
http://www.mta.info/nyct/subway/index.html,57th St,F
http://www.mta.info/nyct/subway/index.html,Lexington Ave - 63rd St,F
http://www.mta.info/nyct/subway/index.html,Roosevelt Island - Main St,F
http://www.mta.info/nyct/subway/index.html,59th St - Columbus Circle,A-B-C-D
http://www.mta.info/nyct/subway/index.html,49th St,N-Q-R
http://www.mta.info/nyct/subway/index.html,57th St,N-Q-R
http://www.mta.info/nyct/subway/index.html,5th Ave - 59th St,N-Q-R
http://www.mta.info/nyct/subway/index.html,Lexington Ave - 59th St,N-Q-R
http://www.mta.info/nyct/subway/index.html,34th St - Penn Station,1-2-3
http://www.mta.info/nyct/subway/index.html,Times Sq - 42nd St,1-2-3
http://www.mta.info/nyct/subway/index.html,Broadway - Nassau St,A-C
http://www.mta.info/nyct/subway/index.html,Chambers St,A-C
http://www.mta.info/nyct/subway/index.html,42nd St - Port Authority Bus Term,A-C-E
http://www.mta.info/nyct/subway/index.html,Myrtle-Willoughby Aves,G
http://www.mta.info/nyct/subway/index.html,Flushing Ave,G
http://www.mta.info/nyct/subway/index.html,23rd St,F-M
http://www.mta.info/nyct/subway/index.html,Herald Sq - 34th St,B-D-F-M
http://www.mta.info/nyct/subway/index.html,Hoyt - Schermerhorn Sts,A-C-G
http://www.mta.info/nyct/subway/index.html,Jay St - Borough Hall,A-C-F
http://www.mta.info/nyct/subway/index.html,East Broadway,F
http://www.mta.info/nyct/subway/index.html,Delancey St,F
http://www.mta.info/nyct/subway/index.html,Lower East Side - 2nd Ave,F
http://www.mta.info/nyct/subway/index.html,Flushing Ave,J-M
http://www.mta.info/nyct/subway/index.html,Myrtle Ave,J-M-Z
http://www.mta.info/nyct/subway/index.html,4th Ave,F-G
http://www.mta.info/nyct/subway/index.html,Smith - 9th Sts,F-G
http://www.mta.info/nyct/subway/index.html,Bergen St,F-G
http://www.mta.info/nyct/subway/index.html,Lawrence St,N-R
http://www.mta.info/nyct/subway/index.html,Court St,N-R
http://www.mta.info/nyct/subway/index.html,Union Sq - 14th St,N-Q-R
http://www.mta.info/nyct/subway/index.html,23rd St,N-R
http://www.mta.info/nyct/subway/index.html,Prospect Ave,D-N-R
http://www.mta.info/nyct/subway/index.html,9th St,D-N-R
http://www.mta.info/nyct/subway/index.html,3rd Ave,L
http://www.mta.info/nyct/subway/index.html,Union Sq - 14th St,L
http://www.mta.info/nyct/subway/index.html,Liberty Ave,A-C
http://www.mta.info/nyct/subway/index.html,Broadway Junction,A-C
http://www.mta.info/nyct/subway/index.html,59th St,N-R
http://www.mta.info/nyct/subway/index.html,45th St,N-R
http://www.mta.info/nyct/subway/index.html,36th St,D-N-R
http://www.mta.info/nyct/subway/index.html,9th Ave,D
http://www.mta.info/nyct/subway/index.html,53rd St,N-R
http://www.mta.info/nyct/subway/index.html,Ft Hamilton Pkwy,D
http://www.mta.info/nyct/subway/index.html,25th St,D-N-R
http://www.mta.info/nyct/subway/index.html,Carroll St,F-G
http://www.mta.info/nyct/subway/index.html,Spring St,A-C-E
http://www.mta.info/nyct/subway/index.html,181st St,A
http://www.mta.info/nyct/subway/index.html,190th St,A
http://www.mta.info/nyct/subway/index.html,116th St,A-B-C
http://www.mta.info/nyct/subway/index.html,125th St,A-B-C-D
http://www.mta.info/nyct/subway/index.html,Prince St,N-R
http://www.mta.info/nyct/subway/index.html,8th St - NYU,N-R
http://www.mta.info/nyct/subway/index.html,Fulton St,2-3
http://www.mta.info/nyct/subway/index.html,Park Pl,2-3
http://www.mta.info/nyct/subway/index.html,Chambers St,1-2-3
http://www.mta.info/nyct/subway/index.html,Hoyt St,2-3
http://www.mta.info/nyct/subway/index.html,Borough Hall,2-3
http://www.mta.info/nyct/subway/index.html,183rd St,4
http://www.mta.info/nyct/subway/index.html,Fordham Rd,4
http://www.mta.info/nyct/subway/index.html,World Trade Center,E
http://www.mta.info/nyct/subway/index.html,Canal St - Holland Tunnel,A-C-E
http://www.mta.info/nyct/subway/index.html,155th St,A-C
http://www.mta.info/nyct/subway/index.html,163rd St - Amsterdam Av,A-C
http://www.mta.info/nyct/subway/index.html,Fulton St,J-Z
http://www.mta.info/nyct/subway/index.html,Chambers St,J-Z
http://www.mta.info/nyct/subway/index.html,Canal St,J-Z
http://www.mta.info/nyct/subway/index.html,City Hall,N-R
http://www.mta.info/nyct/subway/index.html,Canal St,N-R
http://www.mta.info/nyct/subway/index.html,South Ferry,1
http://www.mta.info/nyct/subway/index.html,Bowling Green,4-5
http://www.mta.info/nyct/subway/index.html,Wall St,4-5
http://www.mta.info/nyct/subway/index.html,Whitehall St,N-R
http://www.mta.info/nyct/subway/index.html,Rector St,N-R
http://www.mta.info/nyct/subway/index.html,Fresh Pond Rd,M
http://www.mta.info/nyct/subway/index.html,Middle Village - Metropolitan Ave,M
http://www.mta.info/nyct/subway/index.html,Rector St,1
http://www.mta.info/nyct/subway/index.html,Cortlandt St (Temporarily Closed),1
http://www.mta.info/nyct/subway/index.html,Fulton St,4-5
http://www.mta.info/nyct/subway/index.html,Broad St,J-Z
http://www.mta.info/nyct/subway/index.html,Cortlandt St (NB only),N-R
http://www.mta.info/nyct/subway/index.html,Wall St,2-3
http://www.mta.info/nyct/subway/index.html,Dyckman St,A
http://www.mta.info/nyct/subway/index.html,Grand St,B-D
http://www.mta.info/nyct/subway/index.html,Broadway - Lafayette St,B-D-F-M
http://www.mta.info/nyct/subway/index.html,Bowery,J-Z
http://www.mta.info/nyct/subway/index.html,Canal St,N-Q
http://www.mta.info/nyct/subway/index.html,23rd St,A-C-E
http://www.mta.info/nyct/subway/index.html,34th St - Penn Station,A-C-E
http://www.mta.info/nyct/subway/index.html,Jackson Hts - Roosevelt Av,E-F-M-R
http://www.mta.info/nyct/subway/index.html,14th St,1-2-3
http://www.mta.info/nyct/subway/index.html,135th St,A-B-C
http://www.mta.info/nyct/subway/index.html,14th St,F-M
http://www.mta.info/nyct/subway/index.html,6th Ave,L
http://www.mta.info/nyct/subway/index.html,8th Ave,L
http://www.mta.info/nyct/subway/index.html,14th St,A-C-E
http://www.mta.info/nyct/subway/index.html,Nostrand Ave,3-4
http://www.mta.info/nyct/subway/index.html,Clark St,2-3
http://www.mta.info/nyct/subway/index.html,Franklin Ave,A-C
http://www.mta.info/nyct/subway/index.html,Clinton - Washington Aves,A-C
http://www.mta.info/nyct/subway/index.html,Forest Ave,M
http://www.mta.info/nyct/subway/index.html,110th St,4-6-6 Express
http://www.mta.info/nyct/subway/index.html,86th St,4-5-6-6 Express
http://www.mta.info/nyct/subway/index.html,York St,F
http://www.mta.info/nyct/subway/index.html,High St,A-C
http://www.mta.info/nyct/subway/index.html,Lafayette Ave,A-C
http://www.mta.info/nyct/subway/index.html,President St,2-5
http://www.mta.info/nyct/subway/index.html,Woodlawn,4
http://www.mta.info/nyct/subway/index.html,Bleecker St (Uptown),4-6-6 Express
http://www.mta.info/nyct/subway/index.html,103rd St,4-6-6 Express
http://www.mta.info/nyct/subway/index.html,Euclid Ave,A-C-S
http://www.mta.info/nyct/subway/index.html,88th St,A-S
http://www.mta.info/nyct/subway/index.html,Cortelyou Rd,B-Q
http://www.mta.info/nyct/subway/index.html,116th St,4-6-6 Express
http://www.mta.info/nyct/subway/index.html,Parkchester,6-6 Express
http://www.mta.info/nyct/subway/index.html,Franklin St,1-2
http://www.mta.info/nyct/subway/index.html,80th St,A-S
http://www.mta.info/nyct/subway/index.html,5th Ave - Bryant Pk,7-7 Express
http://www.mta.info/nyct/subway/index.html,Spring St,4-6-6 Express
http://www.mta.info/nyct/subway/index.html,125th St,4-5-6-6 Express
http://www.mta.info/nyct/subway/index.html,Coney Island - Stillwell Av,D-F-N-Q
